startTime,settlementDate,fuelType,generation
2024-01-01 00:00:00+00:00,2024-01-01,WIND,10402
2024-01-01 00:30:00+00:00,2024-01-01,WIND,10845
2024-01-01 01:00:00+00:00,2024-01-01,WIND,11218
2024-01-01 01:30:00+00:00,2024-01-01,WIND,11223
2024-01-01 02:00:00+00:00,2024-01-01,WIND,11234
2024-01-01 02:30:00+00:00,2024-01-01,WIND,11437
2024-01-01 03:00:00+00:00,2024-01-01,WIND,11434
2024-01-01 03:30:00+00:00,2024-01-01,WIND,11445
2024-01-01 04:00:00+00:00,2024-01-01,WIND,11828
2024-01-01 04:30:00+00:00,2024-01-01,WIND,11878
2024-01-01 05:00:00+00:00,2024-01-01,WIND,12037
2024-01-01 05:30:00+00:00,2024-01-01,WIND,12011
2024-01-01 06:00:00+00:00,2024-01-01,WIND,12044
2024-01-01 06:30:00+00:00,2024-01-01,WIND,12183
2024-01-01 07:00:00+00:00,2024-01-01,WIND,12303
2024-01-01 07:30:00+00:00,2024-01-01,WIND,12307
2024-01-01 08:00:00+00:00,2024-01-01,WIND,12361
2024-01-01 08:30:00+00:00,2024-01-01,WIND,12218
2024-01-01 09:00:00+00:00,2024-01-01,WIND,12017
2024-01-01 09:30:00+00:00,2024-01-01,WIND,11817
2024-01-01 10:00:00+00:00,2024-01-01,WIND,11379
2024-01-01 10:30:00+00:00,2024-01-01,WIND,10932
2024-01-01 11:00:00+00:00,2024-01-01,WIND,10679
2024-01-01 11:30:00+00:00,2024-01-01,WIND,10217
2024-01-01 12:00:00+00:00,2024-01-01,WIND,9828
2024-01-01 12:30:00+00:00,2024-01-01,WIND,9548
2024-01-01 13:00:00+00:00,2024-01-01,WIND,8874
2024-01-01 13:30:00+00:00,2024-01-01,WIND,8495
2024-01-01 14:00:00+00:00,2024-01-01,WIND,8058
2024-01-01 14:30:00+00:00,2024-01-01,WIND,8098
2024-01-01 15:00:00+00:00,2024-01-01,WIND,8162
2024-01-01 15:30:00+00:00,2024-01-01,WIND,8058
2024-01-01 16:00:00+00:00,2024-01-01,WIND,8634
2024-01-01 16:30:00+00:00,2024-01-01,WIND,9091
2024-01-01 17:00:00+00:00,2024-01-01,WIND,9204
2024-01-01 17:30:00+00:00,2024-01-01,WIND,9290
2024-01-01 18:00:00+00:00,2024-01-01,WIND,9665
2024-01-01 18:30:00+00:00,2024-01-01,WIND,10443
2024-01-01 19:00:00+00:00,2024-01-01,WIND,11212
2024-01-01 19:30:00+00:00,2024-01-01,WIND,12055
2024-01-01 20:00:00+00:00,2024-01-01,WIND,12519
2024-01-01 20:30:00+00:00,2024-01-01,WIND,13279
2024-01-01 21:00:00+00:00,2024-01-01,WIND,13953
2024-01-01 21:30:00+00:00,2024-01-01,WIND,13845
2024-01-01 22:00:00+00:00,2024-01-01,WIND,14217
2024-01-01 22:30:00+00:00,2024-01-01,WIND,14306
2024-01-01 23:00:00+00:00,2024-01-01,WIND,14958
2024-01-01 23:30:00+00:00,2024-01-01,WIND,14666
2024-01-02 00:00:00+00:00,2024-01-02,WIND,14690
2024-01-02 00:30:00+00:00,2024-01-02,WIND,14510
2024-01-02 01:00:00+00:00,2024-01-02,WIND,14592
2024-01-02 01:30:00+00:00,2024-01-02,WIND,14388
2024-01-02 02:00:00+00:00,2024-01-02,WIND,14032
2024-01-02 02:30:00+00:00,2024-01-02,WIND,13748
2024-01-02 03:00:00+00:00,2024-01-02,WIND,13403
2024-01-02 03:30:00+00:00,2024-01-02,WIND,13232
2024-01-02 04:00:00+00:00,2024-01-02,WIND,13245
2024-01-02 04:30:00+00:00,2024-01-02,WIND,13041
2024-01-02 05:00:00+00:00,2024-01-02,WIND,12635
2024-01-02 05:30:00+00:00,2024-01-02,WIND,12711
2024-01-02 06:00:00+00:00,2024-01-02,WIND,12764
2024-01-02 06:30:00+00:00,2024-01-02,WIND,12323
2024-01-02 07:00:00+00:00,2024-01-02,WIND,11925
2024-01-02 07:30:00+00:00,2024-01-02,WIND,11711
2024-01-02 08:00:00+00:00,2024-01-02,WIND,11866
2024-01-02 08:30:00+00:00,2024-01-02,WIND,12035
2024-01-02 09:00:00+00:00,2024-01-02,WIND,11505
2024-01-02 09:30:00+00:00,2024-01-02,WIND,10760
2024-01-02 10:00:00+00:00,2024-01-02,WIND,10399
2024-01-02 10:30:00+00:00,2024-01-02,WIND,9546
2024-01-02 11:00:00+00:00,2024-01-02,WIND,8795
2024-01-02 11:30:00+00:00,2024-01-02,WIND,8667
2024-01-02 12:00:00+00:00,2024-01-02,WIND,8281
2024-01-02 12:30:00+00:00,2024-01-02,WIND,7557
2024-01-02 13:00:00+00:00,2024-01-02,WIND,7344
2024-01-02 13:30:00+00:00,2024-01-02,WIND,7180
2024-01-02 14:00:00+00:00,2024-01-02,WIND,7249
2024-01-02 14:30:00+00:00,2024-01-02,WIND,7672
2024-01-02 15:00:00+00:00,2024-01-02,WIND,7870
2024-01-02 15:30:00+00:00,2024-01-02,WIND,8115
2024-01-02 16:00:00+00:00,2024-01-02,WIND,8208
2024-01-02 16:30:00+00:00,2024-01-02,WIND,8935
2024-01-02 17:00:00+00:00,2024-01-02,WIND,9635
2024-01-02 17:30:00+00:00,2024-01-02,WIND,9771
2024-01-02 18:00:00+00:00,2024-01-02,WIND,10183
2024-01-02 18:30:00+00:00,2024-01-02,WIND,10043
2024-01-02 19:00:00+00:00,2024-01-02,WIND,9919
2024-01-02 19:30:00+00:00,2024-01-02,WIND,10271
2024-01-02 20:00:00+00:00,2024-01-02,WIND,11051
2024-01-02 20:30:00+00:00,2024-01-02,WIND,11338
2024-01-02 21:00:00+00:00,2024-01-02,WIND,11263
2024-01-02 21:30:00+00:00,2024-01-02,WIND,11467
2024-01-02 22:00:00+00:00,2024-01-02,WIND,11480
2024-01-02 22:30:00+00:00,2024-01-02,WIND,11364
2024-01-02 23:00:00+00:00,2024-01-02,WIND,10992
2024-01-02 23:30:00+00:00,2024-01-02,WIND,10922
2024-01-03 00:00:00+00:00,2024-01-03,WIND,10672
2024-01-03 00:30:00+00:00,2024-01-03,WIND,10530
2024-01-03 01:00:00+00:00,2024-01-03,WIND,10293
2024-01-03 01:30:00+00:00,2024-01-03,WIND,10418
2024-01-03 02:00:00+00:00,2024-01-03,WIND,10226
2024-01-03 02:30:00+00:00,2024-01-03,WIND,9940
2024-01-03 03:00:00+00:00,2024-01-03,WIND,10059
2024-01-03 03:30:00+00:00,2024-01-03,WIND,9889
2024-01-03 04:00:00+00:00,2024-01-03,WIND,9599
2024-01-03 04:30:00+00:00,2024-01-03,WIND,9680
2024-01-03 05:00:00+00:00,2024-01-03,WIND,9463
2024-01-03 05:30:00+00:00,2024-01-03,WIND,9484
2024-01-03 06:00:00+00:00,2024-01-03,WIND,9387
2024-01-03 06:30:00+00:00,2024-01-03,WIND,9326
2024-01-03 07:00:00+00:00,2024-01-03,WIND,8927
2024-01-03 07:30:00+00:00,2024-01-03,WIND,8565
2024-01-03 08:00:00+00:00,2024-01-03,WIND,8396
2024-01-03 08:30:00+00:00,2024-01-03,WIND,7841
2024-01-03 09:00:00+00:00,2024-01-03,WIND,7245
2024-01-03 09:30:00+00:00,2024-01-03,WIND,6934
2024-01-03 10:00:00+00:00,2024-01-03,WIND,6794
2024-01-03 10:30:00+00:00,2024-01-03,WIND,6620
2024-01-03 11:00:00+00:00,2024-01-03,WIND,6484
2024-01-03 11:30:00+00:00,2024-01-03,WIND,6258
2024-01-03 12:00:00+00:00,2024-01-03,WIND,6200
2024-01-03 12:30:00+00:00,2024-01-03,WIND,6088
2024-01-03 13:00:00+00:00,2024-01-03,WIND,5823
2024-01-03 13:30:00+00:00,2024-01-03,WIND,5825
2024-01-03 14:00:00+00:00,2024-01-03,WIND,5928
2024-01-03 14:30:00+00:00,2024-01-03,WIND,5826
2024-01-03 15:00:00+00:00,2024-01-03,WIND,6052
2024-01-03 15:30:00+00:00,2024-01-03,WIND,6367
2024-01-03 16:00:00+00:00,2024-01-03,WIND,6591
2024-01-03 16:30:00+00:00,2024-01-03,WIND,6805
2024-01-03 17:00:00+00:00,2024-01-03,WIND,7044
2024-01-03 17:30:00+00:00,2024-01-03,WIND,7119
2024-01-03 18:00:00+00:00,2024-01-03,WIND,7192
2024-01-03 18:30:00+00:00,2024-01-03,WIND,7171
2024-01-03 19:00:00+00:00,2024-01-03,WIND,7131
2024-01-03 19:30:00+00:00,2024-01-03,WIND,7150
2024-01-03 20:00:00+00:00,2024-01-03,WIND,7039
2024-01-03 20:30:00+00:00,2024-01-03,WIND,7005
2024-01-03 21:00:00+00:00,2024-01-03,WIND,6945
2024-01-03 21:30:00+00:00,2024-01-03,WIND,6773
2024-01-03 22:00:00+00:00,2024-01-03,WIND,6611
2024-01-03 22:30:00+00:00,2024-01-03,WIND,6680
2024-01-03 23:00:00+00:00,2024-01-03,WIND,6813
2024-01-03 23:30:00+00:00,2024-01-03,WIND,6793
2024-01-04 00:00:00+00:00,2024-01-04,WIND,7112
2024-01-04 00:30:00+00:00,2024-01-04,WIND,7536
2024-01-04 01:00:00+00:00,2024-01-04,WIND,7743
2024-01-04 01:30:00+00:00,2024-01-04,WIND,8071
2024-01-04 02:00:00+00:00,2024-01-04,WIND,8269
2024-01-04 02:30:00+00:00,2024-01-04,WIND,8255
2024-01-04 03:00:00+00:00,2024-01-04,WIND,8118
2024-01-04 03:30:00+00:00,2024-01-04,WIND,7866
2024-01-04 04:00:00+00:00,2024-01-04,WIND,7666
2024-01-04 04:30:00+00:00,2024-01-04,WIND,7708
2024-01-04 05:00:00+00:00,2024-01-04,WIND,7859
2024-01-04 05:30:00+00:00,2024-01-04,WIND,8218
2024-01-04 06:00:00+00:00,2024-01-04,WIND,8359
2024-01-04 06:30:00+00:00,2024-01-04,WIND,8212
2024-01-04 07:00:00+00:00,2024-01-04,WIND,7815
2024-01-04 07:30:00+00:00,2024-01-04,WIND,7266
2024-01-04 08:00:00+00:00,2024-01-04,WIND,6880
2024-01-04 08:30:00+00:00,2024-01-04,WIND,6898
2024-01-04 09:00:00+00:00,2024-01-04,WIND,6841
2024-01-04 09:30:00+00:00,2024-01-04,WIND,6731
2024-01-04 10:00:00+00:00,2024-01-04,WIND,6394
2024-01-04 10:30:00+00:00,2024-01-04,WIND,6032
2024-01-04 11:00:00+00:00,2024-01-04,WIND,5193
2024-01-04 11:30:00+00:00,2024-01-04,WIND,4691
2024-01-04 12:00:00+00:00,2024-01-04,WIND,4421
2024-01-04 12:30:00+00:00,2024-01-04,WIND,4091
2024-01-04 13:00:00+00:00,2024-01-04,WIND,3544
2024-01-04 13:30:00+00:00,2024-01-04,WIND,3291
2024-01-04 14:00:00+00:00,2024-01-04,WIND,3394
2024-01-04 14:30:00+00:00,2024-01-04,WIND,3168
2024-01-04 15:00:00+00:00,2024-01-04,WIND,2988
2024-01-04 15:30:00+00:00,2024-01-04,WIND,3004
2024-01-04 16:00:00+00:00,2024-01-04,WIND,3039
2024-01-04 16:30:00+00:00,2024-01-04,WIND,3074
2024-01-04 17:00:00+00:00,2024-01-04,WIND,3204
2024-01-04 17:30:00+00:00,2024-01-04,WIND,3277
2024-01-04 18:00:00+00:00,2024-01-04,WIND,3862
2024-01-04 18:30:00+00:00,2024-01-04,WIND,4177
2024-01-04 19:00:00+00:00,2024-01-04,WIND,4459
2024-01-04 19:30:00+00:00,2024-01-04,WIND,4669
2024-01-04 20:00:00+00:00,2024-01-04,WIND,4751
2024-01-04 20:30:00+00:00,2024-01-04,WIND,5048
2024-01-04 21:00:00+00:00,2024-01-04,WIND,5331
2024-01-04 21:30:00+00:00,2024-01-04,WIND,5361
2024-01-04 22:00:00+00:00,2024-01-04,WIND,5052
2024-01-04 22:30:00+00:00,2024-01-04,WIND,5148
2024-01-04 23:00:00+00:00,2024-01-04,WIND,5263
2024-01-04 23:30:00+00:00,2024-01-04,WIND,5428
2024-01-05 00:00:00+00:00,2024-01-05,WIND,5740
2024-01-05 00:30:00+00:00,2024-01-05,WIND,5799
2024-01-05 01:00:00+00:00,2024-01-05,WIND,5813
2024-01-05 01:30:00+00:00,2024-01-05,WIND,6007
2024-01-05 02:00:00+00:00,2024-01-05,WIND,5990
2024-01-05 02:30:00+00:00,2024-01-05,WIND,6535
2024-01-05 03:00:00+00:00,2024-01-05,WIND,6547
2024-01-05 03:30:00+00:00,2024-01-05,WIND,6637
2024-01-05 04:00:00+00:00,2024-01-05,WIND,6416
2024-01-05 04:30:00+00:00,2024-01-05,WIND,6393
2024-01-05 05:00:00+00:00,2024-01-05,WIND,6485
2024-01-05 05:30:00+00:00,2024-01-05,WIND,7266
2024-01-05 06:00:00+00:00,2024-01-05,WIND,7916
2024-01-05 06:30:00+00:00,2024-01-05,WIND,8154
2024-01-05 07:00:00+00:00,2024-01-05,WIND,8250
2024-01-05 07:30:00+00:00,2024-01-05,WIND,8265
2024-01-05 08:00:00+00:00,2024-01-05,WIND,8316
2024-01-05 08:30:00+00:00,2024-01-05,WIND,8672
2024-01-05 09:00:00+00:00,2024-01-05,WIND,8545
2024-01-05 09:30:00+00:00,2024-01-05,WIND,8173
2024-01-05 10:00:00+00:00,2024-01-05,WIND,8007
2024-01-05 10:30:00+00:00,2024-01-05,WIND,7973
2024-01-05 11:00:00+00:00,2024-01-05,WIND,8164
2024-01-05 11:30:00+00:00,2024-01-05,WIND,8430
2024-01-05 12:00:00+00:00,2024-01-05,WIND,8539
2024-01-05 12:30:00+00:00,2024-01-05,WIND,8670
2024-01-05 13:00:00+00:00,2024-01-05,WIND,8724
2024-01-05 13:30:00+00:00,2024-01-05,WIND,8771
2024-01-05 14:00:00+00:00,2024-01-05,WIND,8984
2024-01-05 14:30:00+00:00,2024-01-05,WIND,8839
2024-01-05 15:00:00+00:00,2024-01-05,WIND,8657
2024-01-05 15:30:00+00:00,2024-01-05,WIND,8476
2024-01-05 16:00:00+00:00,2024-01-05,WIND,8416
2024-01-05 16:30:00+00:00,2024-01-05,WIND,8259
2024-01-05 17:00:00+00:00,2024-01-05,WIND,7986
2024-01-05 17:30:00+00:00,2024-01-05,WIND,7852
2024-01-05 18:00:00+00:00,2024-01-05,WIND,7790
2024-01-05 18:30:00+00:00,2024-01-05,WIND,7484
2024-01-05 19:00:00+00:00,2024-01-05,WIND,7236
2024-01-05 19:30:00+00:00,2024-01-05,WIND,7284
2024-01-05 20:00:00+00:00,2024-01-05,WIND,7104
2024-01-05 20:30:00+00:00,2024-01-05,WIND,6659
2024-01-05 21:00:00+00:00,2024-01-05,WIND,6579
2024-01-05 21:30:00+00:00,2024-01-05,WIND,6555
2024-01-05 22:00:00+00:00,2024-01-05,WIND,6280
2024-01-05 22:30:00+00:00,2024-01-05,WIND,6020
2024-01-05 23:00:00+00:00,2024-01-05,WIND,5845
2024-01-05 23:30:00+00:00,2024-01-05,WIND,5746
2024-01-06 00:00:00+00:00,2024-01-06,WIND,5741
2024-01-06 00:30:00+00:00,2024-01-06,WIND,5860
2024-01-06 01:00:00+00:00,2024-01-06,WIND,5877
2024-01-06 01:30:00+00:00,2024-01-06,WIND,6004
2024-01-06 02:00:00+00:00,2024-01-06,WIND,6107
2024-01-06 02:30:00+00:00,2024-01-06,WIND,6127
2024-01-06 03:00:00+00:00,2024-01-06,WIND,6074
2024-01-06 03:30:00+00:00,2024-01-06,WIND,5968
2024-01-06 04:00:00+00:00,2024-01-06,WIND,5871
2024-01-06 04:30:00+00:00,2024-01-06,WIND,5784
2024-01-06 05:00:00+00:00,2024-01-06,WIND,5734
2024-01-06 05:30:00+00:00,2024-01-06,WIND,5687
2024-01-06 06:00:00+00:00,2024-01-06,WIND,5712
2024-01-06 06:30:00+00:00,2024-01-06,WIND,5868
2024-01-06 07:00:00+00:00,2024-01-06,WIND,6033
2024-01-06 07:30:00+00:00,2024-01-06,WIND,5887
2024-01-06 08:00:00+00:00,2024-01-06,WIND,5771
2024-01-06 08:30:00+00:00,2024-01-06,WIND,5610
2024-01-06 09:00:00+00:00,2024-01-06,WIND,5244
2024-01-06 09:30:00+00:00,2024-01-06,WIND,5113
2024-01-06 10:00:00+00:00,2024-01-06,WIND,4940
2024-01-06 10:30:00+00:00,2024-01-06,WIND,4782
2024-01-06 11:00:00+00:00,2024-01-06,WIND,4696
2024-01-06 11:30:00+00:00,2024-01-06,WIND,4599
2024-01-06 12:00:00+00:00,2024-01-06,WIND,4362
2024-01-06 12:30:00+00:00,2024-01-06,WIND,4529
2024-01-06 13:00:00+00:00,2024-01-06,WIND,4591
2024-01-06 13:30:00+00:00,2024-01-06,WIND,4683
2024-01-06 14:00:00+00:00,2024-01-06,WIND,4539
2024-01-06 14:30:00+00:00,2024-01-06,WIND,4613
2024-01-06 15:00:00+00:00,2024-01-06,WIND,4631
2024-01-06 15:30:00+00:00,2024-01-06,WIND,4864
2024-01-06 16:00:00+00:00,2024-01-06,WIND,5248
2024-01-06 16:30:00+00:00,2024-01-06,WIND,5194
2024-01-06 17:00:00+00:00,2024-01-06,WIND,5212
2024-01-06 17:30:00+00:00,2024-01-06,WIND,5203
2024-01-06 18:00:00+00:00,2024-01-06,WIND,5050
2024-01-06 18:30:00+00:00,2024-01-06,WIND,4778
2024-01-06 19:00:00+00:00,2024-01-06,WIND,4878
2024-01-06 19:30:00+00:00,2024-01-06,WIND,4946
2024-01-06 20:00:00+00:00,2024-01-06,WIND,5132
2024-01-06 20:30:00+00:00,2024-01-06,WIND,4911
2024-01-06 21:00:00+00:00,2024-01-06,WIND,4916
2024-01-06 21:30:00+00:00,2024-01-06,WIND,4906
2024-01-06 22:00:00+00:00,2024-01-06,WIND,5090
2024-01-06 22:30:00+00:00,2024-01-06,WIND,5275
2024-01-06 23:00:00+00:00,2024-01-06,WIND,5175
2024-01-06 23:30:00+00:00,2024-01-06,WIND,5390
2024-01-07 00:00:00+00:00,2024-01-07,WIND,5708
2024-01-07 00:30:00+00:00,2024-01-07,WIND,5552
2024-01-07 01:00:00+00:00,2024-01-07,WIND,5803
2024-01-07 01:30:00+00:00,2024-01-07,WIND,5946
2024-01-07 02:00:00+00:00,2024-01-07,WIND,5904
2024-01-07 02:30:00+00:00,2024-01-07,WIND,5770
2024-01-07 03:00:00+00:00,2024-01-07,WIND,5881
2024-01-07 03:30:00+00:00,2024-01-07,WIND,6176
2024-01-07 04:00:00+00:00,2024-01-07,WIND,6342
2024-01-07 04:30:00+00:00,2024-01-07,WIND,6066
2024-01-07 05:00:00+00:00,2024-01-07,WIND,6290
2024-01-07 05:30:00+00:00,2024-01-07,WIND,6434
2024-01-07 06:00:00+00:00,2024-01-07,WIND,6402
2024-01-07 06:30:00+00:00,2024-01-07,WIND,6440
2024-01-07 07:00:00+00:00,2024-01-07,WIND,6138
2024-01-07 07:30:00+00:00,2024-01-07,WIND,6109
2024-01-07 08:00:00+00:00,2024-01-07,WIND,6044
2024-01-07 08:30:00+00:00,2024-01-07,WIND,5612
2024-01-07 09:00:00+00:00,2024-01-07,WIND,5549
2024-01-07 09:30:00+00:00,2024-01-07,WIND,5385
2024-01-07 10:00:00+00:00,2024-01-07,WIND,5311
2024-01-07 10:30:00+00:00,2024-01-07,WIND,5015
2024-01-07 11:00:00+00:00,2024-01-07,WIND,4848
2024-01-07 11:30:00+00:00,2024-01-07,WIND,4648
2024-01-07 12:00:00+00:00,2024-01-07,WIND,4435
2024-01-07 12:30:00+00:00,2024-01-07,WIND,4391
2024-01-07 13:00:00+00:00,2024-01-07,WIND,4437
2024-01-07 13:30:00+00:00,2024-01-07,WIND,4327
2024-01-07 14:00:00+00:00,2024-01-07,WIND,4332
2024-01-07 14:30:00+00:00,2024-01-07,WIND,4352
2024-01-07 15:00:00+00:00,2024-01-07,WIND,4325
2024-01-07 15:30:00+00:00,2024-01-07,WIND,4315
2024-01-07 16:00:00+00:00,2024-01-07,WIND,4299
2024-01-07 16:30:00+00:00,2024-01-07,WIND,4305
2024-01-07 17:00:00+00:00,2024-01-07,WIND,4316
2024-01-07 17:30:00+00:00,2024-01-07,WIND,4325
2024-01-07 18:00:00+00:00,2024-01-07,WIND,4324
2024-01-07 18:30:00+00:00,2024-01-07,WIND,4281
2024-01-07 19:00:00+00:00,2024-01-07,WIND,4202
2024-01-07 19:30:00+00:00,2024-01-07,WIND,4169
2024-01-07 20:00:00+00:00,2024-01-07,WIND,4032
2024-01-07 20:30:00+00:00,2024-01-07,WIND,4017
2024-01-07 21:00:00+00:00,2024-01-07,WIND,3992
2024-01-07 21:30:00+00:00,2024-01-07,WIND,4030
2024-01-07 22:00:00+00:00,2024-01-07,WIND,3994
2024-01-07 22:30:00+00:00,2024-01-07,WIND,4100
2024-01-07 23:00:00+00:00,2024-01-07,WIND,4242
2024-01-07 23:30:00+00:00,2024-01-07,WIND,4275
2024-01-08 00:00:00+00:00,2024-01-08,WIND,4629
2024-01-08 00:30:00+00:00,2024-01-08,WIND,4730
2024-01-08 01:00:00+00:00,2024-01-08,WIND,5033
2024-01-08 01:30:00+00:00,2024-01-08,WIND,5215
2024-01-08 02:00:00+00:00,2024-01-08,WIND,5342
2024-01-08 02:30:00+00:00,2024-01-08,WIND,6043
2024-01-08 03:00:00+00:00,2024-01-08,WIND,6274
2024-01-08 03:30:00+00:00,2024-01-08,WIND,6533
2024-01-08 04:00:00+00:00,2024-01-08,WIND,6980
2024-01-08 04:30:00+00:00,2024-01-08,WIND,6945
2024-01-08 05:00:00+00:00,2024-01-08,WIND,7381
2024-01-08 05:30:00+00:00,2024-01-08,WIND,7292
2024-01-08 06:00:00+00:00,2024-01-08,WIND,7472
2024-01-08 06:30:00+00:00,2024-01-08,WIND,7502
2024-01-08 07:00:00+00:00,2024-01-08,WIND,7640
2024-01-08 07:30:00+00:00,2024-01-08,WIND,8031
2024-01-08 08:00:00+00:00,2024-01-08,WIND,8230
2024-01-08 08:30:00+00:00,2024-01-08,WIND,8551
2024-01-08 09:00:00+00:00,2024-01-08,WIND,8833
2024-01-08 09:30:00+00:00,2024-01-08,WIND,9199
2024-01-08 10:00:00+00:00,2024-01-08,WIND,9334
2024-01-08 10:30:00+00:00,2024-01-08,WIND,9545
2024-01-08 11:00:00+00:00,2024-01-08,WIND,9777
2024-01-08 11:30:00+00:00,2024-01-08,WIND,9986
2024-01-08 12:00:00+00:00,2024-01-08,WIND,10111
2024-01-08 12:30:00+00:00,2024-01-08,WIND,10163
2024-01-08 13:00:00+00:00,2024-01-08,WIND,10469
2024-01-08 13:30:00+00:00,2024-01-08,WIND,10499
2024-01-08 14:00:00+00:00,2024-01-08,WIND,10377
2024-01-08 14:30:00+00:00,2024-01-08,WIND,10226
2024-01-08 15:00:00+00:00,2024-01-08,WIND,10317
2024-01-08 15:30:00+00:00,2024-01-08,WIND,10616
2024-01-08 16:00:00+00:00,2024-01-08,WIND,10769
2024-01-08 16:30:00+00:00,2024-01-08,WIND,10783
2024-01-08 17:00:00+00:00,2024-01-08,WIND,10919
2024-01-08 17:30:00+00:00,2024-01-08,WIND,11535
2024-01-08 18:00:00+00:00,2024-01-08,WIND,11362
2024-01-08 18:30:00+00:00,2024-01-08,WIND,11439
2024-01-08 19:00:00+00:00,2024-01-08,WIND,11412
2024-01-08 19:30:00+00:00,2024-01-08,WIND,11371
2024-01-08 20:00:00+00:00,2024-01-08,WIND,11536
2024-01-08 20:30:00+00:00,2024-01-08,WIND,11592
2024-01-08 21:00:00+00:00,2024-01-08,WIND,11660
2024-01-08 21:30:00+00:00,2024-01-08,WIND,11738
2024-01-08 22:00:00+00:00,2024-01-08,WIND,11616
2024-01-08 22:30:00+00:00,2024-01-08,WIND,11782
2024-01-08 23:00:00+00:00,2024-01-08,WIND,11895
2024-01-08 23:30:00+00:00,2024-01-08,WIND,11909
2024-01-09 00:00:00+00:00,2024-01-09,WIND,11819
2024-01-09 00:30:00+00:00,2024-01-09,WIND,11652
2024-01-09 01:00:00+00:00,2024-01-09,WIND,11440
2024-01-09 01:30:00+00:00,2024-01-09,WIND,11277
2024-01-09 02:00:00+00:00,2024-01-09,WIND,11298
2024-01-09 02:30:00+00:00,2024-01-09,WIND,11381
2024-01-09 03:00:00+00:00,2024-01-09,WIND,11356
2024-01-09 03:30:00+00:00,2024-01-09,WIND,11480
2024-01-09 04:00:00+00:00,2024-01-09,WIND,11574
2024-01-09 04:30:00+00:00,2024-01-09,WIND,11558
2024-01-09 05:00:00+00:00,2024-01-09,WIND,11483
2024-01-09 05:30:00+00:00,2024-01-09,WIND,11558
2024-01-09 06:00:00+00:00,2024-01-09,WIND,11659
2024-01-09 06:30:00+00:00,2024-01-09,WIND,11944
2024-01-09 07:00:00+00:00,2024-01-09,WIND,12192
2024-01-09 07:30:00+00:00,2024-01-09,WIND,12320
2024-01-09 08:00:00+00:00,2024-01-09,WIND,12298
2024-01-09 08:30:00+00:00,2024-01-09,WIND,12385
2024-01-09 09:00:00+00:00,2024-01-09,WIND,12411
2024-01-09 09:30:00+00:00,2024-01-09,WIND,12380
2024-01-09 10:00:00+00:00,2024-01-09,WIND,12481
2024-01-09 10:30:00+00:00,2024-01-09,WIND,12374
2024-01-09 11:00:00+00:00,2024-01-09,WIND,12275
2024-01-09 11:30:00+00:00,2024-01-09,WIND,12042
2024-01-09 12:00:00+00:00,2024-01-09,WIND,11866
2024-01-09 12:30:00+00:00,2024-01-09,WIND,11886
2024-01-09 13:00:00+00:00,2024-01-09,WIND,11806
2024-01-09 13:30:00+00:00,2024-01-09,WIND,11550
2024-01-09 14:00:00+00:00,2024-01-09,WIND,11493
2024-01-09 14:30:00+00:00,2024-01-09,WIND,11161
2024-01-09 15:00:00+00:00,2024-01-09,WIND,10939
2024-01-09 15:30:00+00:00,2024-01-09,WIND,11024
2024-01-09 16:00:00+00:00,2024-01-09,WIND,11052
2024-01-09 16:30:00+00:00,2024-01-09,WIND,11000
2024-01-09 17:00:00+00:00,2024-01-09,WIND,11135
2024-01-09 17:30:00+00:00,2024-01-09,WIND,11313
2024-01-09 18:00:00+00:00,2024-01-09,WIND,11240
2024-01-09 18:30:00+00:00,2024-01-09,WIND,11395
2024-01-09 19:00:00+00:00,2024-01-09,WIND,11476
2024-01-09 19:30:00+00:00,2024-01-09,WIND,11504
2024-01-09 20:00:00+00:00,2024-01-09,WIND,11428
2024-01-09 20:30:00+00:00,2024-01-09,WIND,11228
2024-01-09 21:00:00+00:00,2024-01-09,WIND,11128
2024-01-09 21:30:00+00:00,2024-01-09,WIND,10915
2024-01-09 22:00:00+00:00,2024-01-09,WIND,11005
2024-01-09 22:30:00+00:00,2024-01-09,WIND,10866
2024-01-09 23:00:00+00:00,2024-01-09,WIND,10685
2024-01-09 23:30:00+00:00,2024-01-09,WIND,10364
2024-01-10 00:00:00+00:00,2024-01-10,WIND,10003
2024-01-10 00:30:00+00:00,2024-01-10,WIND,9663
2024-01-10 01:00:00+00:00,2024-01-10,WIND,9662
2024-01-10 01:30:00+00:00,2024-01-10,WIND,9498
2024-01-10 02:00:00+00:00,2024-01-10,WIND,8765
2024-01-10 02:30:00+00:00,2024-01-10,WIND,8269
2024-01-10 03:00:00+00:00,2024-01-10,WIND,7933
2024-01-10 03:30:00+00:00,2024-01-10,WIND,7910
2024-01-10 04:00:00+00:00,2024-01-10,WIND,7728
2024-01-10 04:30:00+00:00,2024-01-10,WIND,7581
2024-01-10 05:00:00+00:00,2024-01-10,WIND,7538
2024-01-10 05:30:00+00:00,2024-01-10,WIND,7423
2024-01-10 06:00:00+00:00,2024-01-10,WIND,7277
2024-01-10 06:30:00+00:00,2024-01-10,WIND,7070
2024-01-10 07:00:00+00:00,2024-01-10,WIND,6908
2024-01-10 07:30:00+00:00,2024-01-10,WIND,6740
2024-01-10 08:00:00+00:00,2024-01-10,WIND,6625
2024-01-10 08:30:00+00:00,2024-01-10,WIND,6547
2024-01-10 09:00:00+00:00,2024-01-10,WIND,6420
2024-01-10 09:30:00+00:00,2024-01-10,WIND,6497
2024-01-10 10:00:00+00:00,2024-01-10,WIND,6564
2024-01-10 10:30:00+00:00,2024-01-10,WIND,6734
2024-01-10 11:00:00+00:00,2024-01-10,WIND,6752
2024-01-10 11:30:00+00:00,2024-01-10,WIND,6771
2024-01-10 12:00:00+00:00,2024-01-10,WIND,6774
2024-01-10 12:30:00+00:00,2024-01-10,WIND,6969
2024-01-10 13:00:00+00:00,2024-01-10,WIND,7172
2024-01-10 13:30:00+00:00,2024-01-10,WIND,7338
2024-01-10 14:00:00+00:00,2024-01-10,WIND,7684
2024-01-10 14:30:00+00:00,2024-01-10,WIND,7899
2024-01-10 15:00:00+00:00,2024-01-10,WIND,8027
2024-01-10 15:30:00+00:00,2024-01-10,WIND,8042
2024-01-10 16:00:00+00:00,2024-01-10,WIND,6983
2024-01-10 16:30:00+00:00,2024-01-10,WIND,8777
2024-01-10 17:00:00+00:00,2024-01-10,WIND,8970
2024-01-10 17:30:00+00:00,2024-01-10,WIND,9026
2024-01-10 18:00:00+00:00,2024-01-10,WIND,8944
2024-01-10 18:30:00+00:00,2024-01-10,WIND,8926
2024-01-10 19:00:00+00:00,2024-01-10,WIND,8831
2024-01-10 19:30:00+00:00,2024-01-10,WIND,8987
2024-01-10 20:00:00+00:00,2024-01-10,WIND,8785
2024-01-10 20:30:00+00:00,2024-01-10,WIND,8520
2024-01-10 21:00:00+00:00,2024-01-10,WIND,8234
2024-01-10 21:30:00+00:00,2024-01-10,WIND,7743
2024-01-10 22:00:00+00:00,2024-01-10,WIND,6978
2024-01-10 22:30:00+00:00,2024-01-10,WIND,6800
2024-01-10 23:00:00+00:00,2024-01-10,WIND,6690
2024-01-10 23:30:00+00:00,2024-01-10,WIND,6737
2024-01-11 00:00:00+00:00,2024-01-11,WIND,6538
2024-01-11 00:30:00+00:00,2024-01-11,WIND,6372
2024-01-11 01:00:00+00:00,2024-01-11,WIND,6143
2024-01-11 01:30:00+00:00,2024-01-11,WIND,5994
2024-01-11 02:00:00+00:00,2024-01-11,WIND,5824
2024-01-11 02:30:00+00:00,2024-01-11,WIND,5568
2024-01-11 03:00:00+00:00,2024-01-11,WIND,5469
2024-01-11 03:30:00+00:00,2024-01-11,WIND,5521
2024-01-11 04:00:00+00:00,2024-01-11,WIND,5671
2024-01-11 04:30:00+00:00,2024-01-11,WIND,5683
2024-01-11 05:00:00+00:00,2024-01-11,WIND,5605
2024-01-11 05:30:00+00:00,2024-01-11,WIND,6155
2024-01-11 06:00:00+00:00,2024-01-11,WIND,6036
2024-01-11 06:30:00+00:00,2024-01-11,WIND,5722
2024-01-11 07:00:00+00:00,2024-01-11,WIND,5536
2024-01-11 07:30:00+00:00,2024-01-11,WIND,5279
2024-01-11 08:00:00+00:00,2024-01-11,WIND,5389
2024-01-11 08:30:00+00:00,2024-01-11,WIND,5459
2024-01-11 09:00:00+00:00,2024-01-11,WIND,5450
2024-01-11 09:30:00+00:00,2024-01-11,WIND,5583
2024-01-11 10:00:00+00:00,2024-01-11,WIND,5824
2024-01-11 10:30:00+00:00,2024-01-11,WIND,5858
2024-01-11 11:00:00+00:00,2024-01-11,WIND,6061
2024-01-11 11:30:00+00:00,2024-01-11,WIND,6251
2024-01-11 12:00:00+00:00,2024-01-11,WIND,6457
2024-01-11 12:30:00+00:00,2024-01-11,WIND,6829
2024-01-11 13:00:00+00:00,2024-01-11,WIND,7088
2024-01-11 13:30:00+00:00,2024-01-11,WIND,7224
2024-01-11 14:00:00+00:00,2024-01-11,WIND,7308
2024-01-11 14:30:00+00:00,2024-01-11,WIND,7559
2024-01-11 15:00:00+00:00,2024-01-11,WIND,7604
2024-01-11 15:30:00+00:00,2024-01-11,WIND,7787
2024-01-11 16:00:00+00:00,2024-01-11,WIND,7549
2024-01-11 16:30:00+00:00,2024-01-11,WIND,7418
2024-01-11 17:00:00+00:00,2024-01-11,WIND,7151
2024-01-11 17:30:00+00:00,2024-01-11,WIND,7185
2024-01-11 18:00:00+00:00,2024-01-11,WIND,7094
2024-01-11 18:30:00+00:00,2024-01-11,WIND,6934
2024-01-11 19:00:00+00:00,2024-01-11,WIND,6770
2024-01-11 19:30:00+00:00,2024-01-11,WIND,6551
2024-01-11 20:00:00+00:00,2024-01-11,WIND,6414
2024-01-11 20:30:00+00:00,2024-01-11,WIND,6354
2024-01-11 21:00:00+00:00,2024-01-11,WIND,6324
2024-01-11 21:30:00+00:00,2024-01-11,WIND,6218
2024-01-11 22:00:00+00:00,2024-01-11,WIND,6167
2024-01-11 22:30:00+00:00,2024-01-11,WIND,6057
2024-01-11 23:00:00+00:00,2024-01-11,WIND,5853
2024-01-11 23:30:00+00:00,2024-01-11,WIND,5871
2024-01-12 00:00:00+00:00,2024-01-12,WIND,5886
2024-01-12 00:30:00+00:00,2024-01-12,WIND,5867
2024-01-12 01:00:00+00:00,2024-01-12,WIND,6018
2024-01-12 01:30:00+00:00,2024-01-12,WIND,6355
2024-01-12 02:00:00+00:00,2024-01-12,WIND,6108
2024-01-12 02:30:00+00:00,2024-01-12,WIND,5827
2024-01-12 03:00:00+00:00,2024-01-12,WIND,5292
2024-01-12 03:30:00+00:00,2024-01-12,WIND,5220
2024-01-12 04:00:00+00:00,2024-01-12,WIND,4824
2024-01-12 04:30:00+00:00,2024-01-12,WIND,4783
2024-01-12 05:00:00+00:00,2024-01-12,WIND,4848
2024-01-12 05:30:00+00:00,2024-01-12,WIND,4800
2024-01-12 06:00:00+00:00,2024-01-12,WIND,4510
2024-01-12 06:30:00+00:00,2024-01-12,WIND,4443
2024-01-12 07:00:00+00:00,2024-01-12,WIND,4312
2024-01-12 07:30:00+00:00,2024-01-12,WIND,4039
2024-01-12 08:00:00+00:00,2024-01-12,WIND,3879
2024-01-12 08:30:00+00:00,2024-01-12,WIND,3675
2024-01-12 09:00:00+00:00,2024-01-12,WIND,3499
2024-01-12 09:30:00+00:00,2024-01-12,WIND,3307
2024-01-12 10:00:00+00:00,2024-01-12,WIND,3335
2024-01-12 10:30:00+00:00,2024-01-12,WIND,3202
2024-01-12 11:00:00+00:00,2024-01-12,WIND,3201
2024-01-12 11:30:00+00:00,2024-01-12,WIND,3278
2024-01-12 12:00:00+00:00,2024-01-12,WIND,3318
2024-01-12 12:30:00+00:00,2024-01-12,WIND,3320
2024-01-12 13:00:00+00:00,2024-01-12,WIND,3321
2024-01-12 13:30:00+00:00,2024-01-12,WIND,3509
2024-01-12 14:00:00+00:00,2024-01-12,WIND,3690
2024-01-12 14:30:00+00:00,2024-01-12,WIND,3862
2024-01-12 15:00:00+00:00,2024-01-12,WIND,4220
2024-01-12 15:30:00+00:00,2024-01-12,WIND,4438
2024-01-12 16:00:00+00:00,2024-01-12,WIND,4527
2024-01-12 16:30:00+00:00,2024-01-12,WIND,4514
2024-01-12 17:00:00+00:00,2024-01-12,WIND,4405
2024-01-12 17:30:00+00:00,2024-01-12,WIND,4641
2024-01-12 18:00:00+00:00,2024-01-12,WIND,4639
2024-01-12 18:30:00+00:00,2024-01-12,WIND,4654
2024-01-12 19:00:00+00:00,2024-01-12,WIND,4837
2024-01-12 19:30:00+00:00,2024-01-12,WIND,4946
2024-01-12 20:00:00+00:00,2024-01-12,WIND,5083
2024-01-12 20:30:00+00:00,2024-01-12,WIND,5256
2024-01-12 21:00:00+00:00,2024-01-12,WIND,5486
2024-01-12 21:30:00+00:00,2024-01-12,WIND,5685
2024-01-12 22:00:00+00:00,2024-01-12,WIND,5842
2024-01-12 22:30:00+00:00,2024-01-12,WIND,6017
2024-01-12 23:00:00+00:00,2024-01-12,WIND,6359
2024-01-12 23:30:00+00:00,2024-01-12,WIND,6250
2024-01-13 00:00:00+00:00,2024-01-13,WIND,6319
2024-01-13 00:30:00+00:00,2024-01-13,WIND,6644
2024-01-13 01:00:00+00:00,2024-01-13,WIND,6801
2024-01-13 01:30:00+00:00,2024-01-13,WIND,6993
2024-01-13 02:00:00+00:00,2024-01-13,WIND,7297
2024-01-13 02:30:00+00:00,2024-01-13,WIND,7132
2024-01-13 03:00:00+00:00,2024-01-13,WIND,7695
2024-01-13 03:30:00+00:00,2024-01-13,WIND,8002
2024-01-13 04:00:00+00:00,2024-01-13,WIND,8191
2024-01-13 04:30:00+00:00,2024-01-13,WIND,7774
2024-01-13 05:00:00+00:00,2024-01-13,WIND,7678
2024-01-13 05:30:00+00:00,2024-01-13,WIND,7498
2024-01-13 06:00:00+00:00,2024-01-13,WIND,7446
2024-01-13 06:30:00+00:00,2024-01-13,WIND,7622
2024-01-13 07:00:00+00:00,2024-01-13,WIND,7765
2024-01-13 07:30:00+00:00,2024-01-13,WIND,7841
2024-01-13 08:00:00+00:00,2024-01-13,WIND,7975
2024-01-13 08:30:00+00:00,2024-01-13,WIND,7749
2024-01-13 09:00:00+00:00,2024-01-13,WIND,7662
2024-01-13 09:30:00+00:00,2024-01-13,WIND,7493
2024-01-13 10:00:00+00:00,2024-01-13,WIND,7384
2024-01-13 10:30:00+00:00,2024-01-13,WIND,7190
2024-01-13 11:00:00+00:00,2024-01-13,WIND,7093
2024-01-13 11:30:00+00:00,2024-01-13,WIND,6901
2024-01-13 12:00:00+00:00,2024-01-13,WIND,6834
2024-01-13 12:30:00+00:00,2024-01-13,WIND,6663
2024-01-13 13:00:00+00:00,2024-01-13,WIND,6733
2024-01-13 13:30:00+00:00,2024-01-13,WIND,7017
2024-01-13 14:00:00+00:00,2024-01-13,WIND,7450
2024-01-13 14:30:00+00:00,2024-01-13,WIND,7282
2024-01-13 15:00:00+00:00,2024-01-13,WIND,7003
2024-01-13 15:30:00+00:00,2024-01-13,WIND,6950
2024-01-13 16:00:00+00:00,2024-01-13,WIND,6768
2024-01-13 16:30:00+00:00,2024-01-13,WIND,6834
2024-01-13 17:00:00+00:00,2024-01-13,WIND,6416
2024-01-13 17:30:00+00:00,2024-01-13,WIND,6418
2024-01-13 18:00:00+00:00,2024-01-13,WIND,6446
2024-01-13 18:30:00+00:00,2024-01-13,WIND,6499
2024-01-13 19:00:00+00:00,2024-01-13,WIND,6755
2024-01-13 19:30:00+00:00,2024-01-13,WIND,6763
2024-01-13 20:00:00+00:00,2024-01-13,WIND,6706
2024-01-13 20:30:00+00:00,2024-01-13,WIND,6901
2024-01-13 21:00:00+00:00,2024-01-13,WIND,7009
2024-01-13 21:30:00+00:00,2024-01-13,WIND,6897
2024-01-13 22:00:00+00:00,2024-01-13,WIND,6926
2024-01-13 22:30:00+00:00,2024-01-13,WIND,6531
2024-01-13 23:00:00+00:00,2024-01-13,WIND,6264
2024-01-13 23:30:00+00:00,2024-01-13,WIND,5986
2024-01-14 00:00:00+00:00,2024-01-14,WIND,5873
2024-01-14 00:30:00+00:00,2024-01-14,WIND,6160
2024-01-14 01:00:00+00:00,2024-01-14,WIND,6058
2024-01-14 01:30:00+00:00,2024-01-14,WIND,6093
2024-01-14 02:00:00+00:00,2024-01-14,WIND,5737
2024-01-14 02:30:00+00:00,2024-01-14,WIND,5526
2024-01-14 03:00:00+00:00,2024-01-14,WIND,5596
2024-01-14 03:30:00+00:00,2024-01-14,WIND,5538
2024-01-14 04:00:00+00:00,2024-01-14,WIND,5477
2024-01-14 04:30:00+00:00,2024-01-14,WIND,5367
2024-01-14 05:00:00+00:00,2024-01-14,WIND,5288
2024-01-14 05:30:00+00:00,2024-01-14,WIND,5487
2024-01-14 06:00:00+00:00,2024-01-14,WIND,5862
2024-01-14 06:30:00+00:00,2024-01-14,WIND,6248
2024-01-14 07:00:00+00:00,2024-01-14,WIND,6461
2024-01-14 07:30:00+00:00,2024-01-14,WIND,6759
2024-01-14 08:00:00+00:00,2024-01-14,WIND,7130
2024-01-14 08:30:00+00:00,2024-01-14,WIND,8172
2024-01-14 09:00:00+00:00,2024-01-14,WIND,8614
2024-01-14 09:30:00+00:00,2024-01-14,WIND,9045
2024-01-14 10:00:00+00:00,2024-01-14,WIND,9487
2024-01-14 10:30:00+00:00,2024-01-14,WIND,9699
2024-01-14 11:00:00+00:00,2024-01-14,WIND,9952
2024-01-14 11:30:00+00:00,2024-01-14,WIND,10278
2024-01-14 12:00:00+00:00,2024-01-14,WIND,10051
2024-01-14 12:30:00+00:00,2024-01-14,WIND,10150
2024-01-14 13:00:00+00:00,2024-01-14,WIND,10400
2024-01-14 13:30:00+00:00,2024-01-14,WIND,10769
2024-01-14 14:00:00+00:00,2024-01-14,WIND,11368
2024-01-14 14:30:00+00:00,2024-01-14,WIND,11902
2024-01-14 15:00:00+00:00,2024-01-14,WIND,12175
2024-01-14 15:30:00+00:00,2024-01-14,WIND,12372
2024-01-14 16:00:00+00:00,2024-01-14,WIND,12559
2024-01-14 16:30:00+00:00,2024-01-14,WIND,12247
2024-01-14 17:00:00+00:00,2024-01-14,WIND,12347
2024-01-14 17:30:00+00:00,2024-01-14,WIND,12505
2024-01-14 18:00:00+00:00,2024-01-14,WIND,12424
2024-01-14 18:30:00+00:00,2024-01-14,WIND,12316
2024-01-14 19:00:00+00:00,2024-01-14,WIND,12364
2024-01-14 19:30:00+00:00,2024-01-14,WIND,12398
2024-01-14 20:00:00+00:00,2024-01-14,WIND,12757
2024-01-14 20:30:00+00:00,2024-01-14,WIND,12721
2024-01-14 21:00:00+00:00,2024-01-14,WIND,13213
2024-01-14 21:30:00+00:00,2024-01-14,WIND,13730
2024-01-14 22:00:00+00:00,2024-01-14,WIND,13731
2024-01-14 22:30:00+00:00,2024-01-14,WIND,13557
2024-01-14 23:00:00+00:00,2024-01-14,WIND,13352
2024-01-14 23:30:00+00:00,2024-01-14,WIND,13539
2024-01-15 00:00:00+00:00,2024-01-15,WIND,13826
2024-01-15 00:30:00+00:00,2024-01-15,WIND,13991
2024-01-15 01:00:00+00:00,2024-01-15,WIND,14343
2024-01-15 01:30:00+00:00,2024-01-15,WIND,14482
2024-01-15 02:00:00+00:00,2024-01-15,WIND,14431
2024-01-15 02:30:00+00:00,2024-01-15,WIND,14426
2024-01-15 03:00:00+00:00,2024-01-15,WIND,14534
2024-01-15 03:30:00+00:00,2024-01-15,WIND,14706
2024-01-15 04:00:00+00:00,2024-01-15,WIND,14840
2024-01-15 04:30:00+00:00,2024-01-15,WIND,14933
2024-01-15 05:00:00+00:00,2024-01-15,WIND,15001
2024-01-15 05:30:00+00:00,2024-01-15,WIND,15070
2024-01-15 06:00:00+00:00,2024-01-15,WIND,15022
2024-01-15 06:30:00+00:00,2024-01-15,WIND,14830
2024-01-15 07:00:00+00:00,2024-01-15,WIND,14963
2024-01-15 07:30:00+00:00,2024-01-15,WIND,14855
2024-01-15 08:00:00+00:00,2024-01-15,WIND,14492
2024-01-15 08:30:00+00:00,2024-01-15,WIND,14264
2024-01-15 09:00:00+00:00,2024-01-15,WIND,14233
2024-01-15 09:30:00+00:00,2024-01-15,WIND,14149
2024-01-15 10:00:00+00:00,2024-01-15,WIND,14315
2024-01-15 10:30:00+00:00,2024-01-15,WIND,14149
2024-01-15 11:00:00+00:00,2024-01-15,WIND,13835
2024-01-15 11:30:00+00:00,2024-01-15,WIND,13709
2024-01-15 12:00:00+00:00,2024-01-15,WIND,13529
2024-01-15 12:30:00+00:00,2024-01-15,WIND,13614
2024-01-15 13:00:00+00:00,2024-01-15,WIND,13859
2024-01-15 13:30:00+00:00,2024-01-15,WIND,13948
2024-01-15 14:00:00+00:00,2024-01-15,WIND,13810
2024-01-15 14:30:00+00:00,2024-01-15,WIND,13770
2024-01-15 15:00:00+00:00,2024-01-15,WIND,13547
2024-01-15 15:30:00+00:00,2024-01-15,WIND,13411
2024-01-15 16:00:00+00:00,2024-01-15,WIND,12939
2024-01-15 16:30:00+00:00,2024-01-15,WIND,12747
2024-01-15 17:00:00+00:00,2024-01-15,WIND,12466
2024-01-15 17:30:00+00:00,2024-01-15,WIND,12140
2024-01-15 18:00:00+00:00,2024-01-15,WIND,11775
2024-01-15 18:30:00+00:00,2024-01-15,WIND,11448
2024-01-15 19:00:00+00:00,2024-01-15,WIND,10834
2024-01-15 19:30:00+00:00,2024-01-15,WIND,10449
2024-01-15 20:00:00+00:00,2024-01-15,WIND,10046
2024-01-15 20:30:00+00:00,2024-01-15,WIND,9952
2024-01-15 21:00:00+00:00,2024-01-15,WIND,9569
2024-01-15 21:30:00+00:00,2024-01-15,WIND,9174
2024-01-15 22:00:00+00:00,2024-01-15,WIND,8995
2024-01-15 22:30:00+00:00,2024-01-15,WIND,8472
2024-01-15 23:00:00+00:00,2024-01-15,WIND,8022
2024-01-15 23:30:00+00:00,2024-01-15,WIND,8095
2024-01-16 00:00:00+00:00,2024-01-16,WIND,7892
2024-01-16 00:30:00+00:00,2024-01-16,WIND,7692
2024-01-16 01:00:00+00:00,2024-01-16,WIND,7270
2024-01-16 01:30:00+00:00,2024-01-16,WIND,6954
2024-01-16 02:00:00+00:00,2024-01-16,WIND,6228
2024-01-16 02:30:00+00:00,2024-01-16,WIND,5806
2024-01-16 03:00:00+00:00,2024-01-16,WIND,5814
2024-01-16 03:30:00+00:00,2024-01-16,WIND,6035
2024-01-16 04:00:00+00:00,2024-01-16,WIND,5985
2024-01-16 04:30:00+00:00,2024-01-16,WIND,6136
2024-01-16 05:00:00+00:00,2024-01-16,WIND,6396
2024-01-16 05:30:00+00:00,2024-01-16,WIND,6833
2024-01-16 06:00:00+00:00,2024-01-16,WIND,7111
2024-01-16 06:30:00+00:00,2024-01-16,WIND,7196
2024-01-16 07:00:00+00:00,2024-01-16,WIND,7343
2024-01-16 07:30:00+00:00,2024-01-16,WIND,7266
2024-01-16 08:00:00+00:00,2024-01-16,WIND,7387
2024-01-16 08:30:00+00:00,2024-01-16,WIND,7590
2024-01-16 09:00:00+00:00,2024-01-16,WIND,7756
2024-01-16 09:30:00+00:00,2024-01-16,WIND,7674
2024-01-16 10:00:00+00:00,2024-01-16,WIND,7412
2024-01-16 10:30:00+00:00,2024-01-16,WIND,7345
2024-01-16 11:00:00+00:00,2024-01-16,WIND,7463
2024-01-16 11:30:00+00:00,2024-01-16,WIND,7449
2024-01-16 12:00:00+00:00,2024-01-16,WIND,7607
2024-01-16 12:30:00+00:00,2024-01-16,WIND,8122
2024-01-16 13:00:00+00:00,2024-01-16,WIND,8206
2024-01-16 13:30:00+00:00,2024-01-16,WIND,8607
2024-01-16 14:00:00+00:00,2024-01-16,WIND,9047
2024-01-16 14:30:00+00:00,2024-01-16,WIND,9180
2024-01-16 15:00:00+00:00,2024-01-16,WIND,9603
2024-01-16 15:30:00+00:00,2024-01-16,WIND,10811
2024-01-16 16:00:00+00:00,2024-01-16,WIND,11451
2024-01-16 16:30:00+00:00,2024-01-16,WIND,12264
2024-01-16 17:00:00+00:00,2024-01-16,WIND,12975
2024-01-16 17:30:00+00:00,2024-01-16,WIND,12989
2024-01-16 18:00:00+00:00,2024-01-16,WIND,12865
2024-01-16 18:30:00+00:00,2024-01-16,WIND,13113
2024-01-16 19:00:00+00:00,2024-01-16,WIND,13083
2024-01-16 19:30:00+00:00,2024-01-16,WIND,13106
2024-01-16 20:00:00+00:00,2024-01-16,WIND,12888
2024-01-16 20:30:00+00:00,2024-01-16,WIND,12532
2024-01-16 21:00:00+00:00,2024-01-16,WIND,12042
2024-01-16 21:30:00+00:00,2024-01-16,WIND,11991
2024-01-16 22:00:00+00:00,2024-01-16,WIND,11610
2024-01-16 22:30:00+00:00,2024-01-16,WIND,11742
2024-01-16 23:00:00+00:00,2024-01-16,WIND,11622
2024-01-16 23:30:00+00:00,2024-01-16,WIND,11388
2024-01-17 00:00:00+00:00,2024-01-17,WIND,10883
2024-01-17 00:30:00+00:00,2024-01-17,WIND,10311
2024-01-17 01:00:00+00:00,2024-01-17,WIND,9675
2024-01-17 01:30:00+00:00,2024-01-17,WIND,9320
2024-01-17 02:00:00+00:00,2024-01-17,WIND,9013
2024-01-17 02:30:00+00:00,2024-01-17,WIND,8423
2024-01-17 03:00:00+00:00,2024-01-17,WIND,7573
2024-01-17 03:30:00+00:00,2024-01-17,WIND,6710
2024-01-17 04:00:00+00:00,2024-01-17,WIND,6030
2024-01-17 04:30:00+00:00,2024-01-17,WIND,5342
2024-01-17 05:00:00+00:00,2024-01-17,WIND,4695
2024-01-17 05:30:00+00:00,2024-01-17,WIND,4464
2024-01-17 06:00:00+00:00,2024-01-17,WIND,4682
2024-01-17 06:30:00+00:00,2024-01-17,WIND,4880
2024-01-17 07:00:00+00:00,2024-01-17,WIND,4822
2024-01-17 07:30:00+00:00,2024-01-17,WIND,4252
2024-01-17 08:00:00+00:00,2024-01-17,WIND,3988
2024-01-17 08:30:00+00:00,2024-01-17,WIND,4340
2024-01-17 09:00:00+00:00,2024-01-17,WIND,4434
2024-01-17 09:30:00+00:00,2024-01-17,WIND,4345
2024-01-17 10:00:00+00:00,2024-01-17,WIND,3902
2024-01-17 10:30:00+00:00,2024-01-17,WIND,3670
2024-01-17 11:00:00+00:00,2024-01-17,WIND,3455
2024-01-17 11:30:00+00:00,2024-01-17,WIND,3179
2024-01-17 12:00:00+00:00,2024-01-17,WIND,3238
2024-01-17 12:30:00+00:00,2024-01-17,WIND,3501
2024-01-17 13:00:00+00:00,2024-01-17,WIND,3785
2024-01-17 13:30:00+00:00,2024-01-17,WIND,4254
2024-01-17 14:00:00+00:00,2024-01-17,WIND,4774
2024-01-17 14:30:00+00:00,2024-01-17,WIND,5335
2024-01-17 15:00:00+00:00,2024-01-17,WIND,5291
2024-01-17 15:30:00+00:00,2024-01-17,WIND,5163
2024-01-17 16:00:00+00:00,2024-01-17,WIND,6190
2024-01-17 16:30:00+00:00,2024-01-17,WIND,6709
2024-01-17 17:00:00+00:00,2024-01-17,WIND,6631
2024-01-17 17:30:00+00:00,2024-01-17,WIND,6928
2024-01-17 18:00:00+00:00,2024-01-17,WIND,7004
2024-01-17 18:30:00+00:00,2024-01-17,WIND,7410
2024-01-17 19:00:00+00:00,2024-01-17,WIND,8038
2024-01-17 19:30:00+00:00,2024-01-17,WIND,8125
2024-01-17 20:00:00+00:00,2024-01-17,WIND,7850
2024-01-17 20:30:00+00:00,2024-01-17,WIND,7925
2024-01-17 21:00:00+00:00,2024-01-17,WIND,7426
2024-01-17 21:30:00+00:00,2024-01-17,WIND,6999
2024-01-17 22:00:00+00:00,2024-01-17,WIND,6788
2024-01-17 22:30:00+00:00,2024-01-17,WIND,6796
2024-01-17 23:00:00+00:00,2024-01-17,WIND,6841
2024-01-17 23:30:00+00:00,2024-01-17,WIND,6763
2024-01-18 00:00:00+00:00,2024-01-18,WIND,6431
2024-01-18 00:30:00+00:00,2024-01-18,WIND,6939
2024-01-18 01:00:00+00:00,2024-01-18,WIND,7447
2024-01-18 01:30:00+00:00,2024-01-18,WIND,8491
2024-01-18 02:00:00+00:00,2024-01-18,WIND,8596
2024-01-18 02:30:00+00:00,2024-01-18,WIND,8096
2024-01-18 03:00:00+00:00,2024-01-18,WIND,7493
2024-01-18 03:30:00+00:00,2024-01-18,WIND,7360
2024-01-18 04:00:00+00:00,2024-01-18,WIND,6878
2024-01-18 04:30:00+00:00,2024-01-18,WIND,6044
2024-01-18 05:00:00+00:00,2024-01-18,WIND,6362
2024-01-18 05:30:00+00:00,2024-01-18,WIND,6862
2024-01-18 06:00:00+00:00,2024-01-18,WIND,6990
2024-01-18 06:30:00+00:00,2024-01-18,WIND,7283
2024-01-18 07:00:00+00:00,2024-01-18,WIND,6833
2024-01-18 07:30:00+00:00,2024-01-18,WIND,6751
2024-01-18 08:00:00+00:00,2024-01-18,WIND,6392
2024-01-18 08:30:00+00:00,2024-01-18,WIND,5897
2024-01-18 09:00:00+00:00,2024-01-18,WIND,5659
2024-01-18 09:30:00+00:00,2024-01-18,WIND,6231
2024-01-18 10:00:00+00:00,2024-01-18,WIND,6206
2024-01-18 10:30:00+00:00,2024-01-18,WIND,6333
2024-01-18 11:00:00+00:00,2024-01-18,WIND,6688
2024-01-18 11:30:00+00:00,2024-01-18,WIND,7308
2024-01-18 12:00:00+00:00,2024-01-18,WIND,7551
2024-01-18 12:30:00+00:00,2024-01-18,WIND,7180
2024-01-18 13:00:00+00:00,2024-01-18,WIND,7082
2024-01-18 13:30:00+00:00,2024-01-18,WIND,7754
2024-01-18 14:00:00+00:00,2024-01-18,WIND,8365
2024-01-18 14:30:00+00:00,2024-01-18,WIND,9019
2024-01-18 15:00:00+00:00,2024-01-18,WIND,9515
2024-01-18 15:30:00+00:00,2024-01-18,WIND,10164
2024-01-18 16:00:00+00:00,2024-01-18,WIND,10356
2024-01-18 16:30:00+00:00,2024-01-18,WIND,10765
2024-01-18 17:00:00+00:00,2024-01-18,WIND,11322
2024-01-18 17:30:00+00:00,2024-01-18,WIND,11727
2024-01-18 18:00:00+00:00,2024-01-18,WIND,12362
2024-01-18 18:30:00+00:00,2024-01-18,WIND,12443
2024-01-18 19:00:00+00:00,2024-01-18,WIND,11678
2024-01-18 19:30:00+00:00,2024-01-18,WIND,11307
2024-01-18 20:00:00+00:00,2024-01-18,WIND,11339
2024-01-18 20:30:00+00:00,2024-01-18,WIND,11344
2024-01-18 21:00:00+00:00,2024-01-18,WIND,11629
2024-01-18 21:30:00+00:00,2024-01-18,WIND,11648
2024-01-18 22:00:00+00:00,2024-01-18,WIND,11561
2024-01-18 22:30:00+00:00,2024-01-18,WIND,11843
2024-01-18 23:00:00+00:00,2024-01-18,WIND,11716
2024-01-18 23:30:00+00:00,2024-01-18,WIND,11747
2024-01-19 00:00:00+00:00,2024-01-19,WIND,11417
2024-01-19 00:30:00+00:00,2024-01-19,WIND,11180
2024-01-19 01:00:00+00:00,2024-01-19,WIND,11590
2024-01-19 01:30:00+00:00,2024-01-19,WIND,11553
2024-01-19 02:00:00+00:00,2024-01-19,WIND,11509
2024-01-19 02:30:00+00:00,2024-01-19,WIND,11728
2024-01-19 03:00:00+00:00,2024-01-19,WIND,11687
2024-01-19 03:30:00+00:00,2024-01-19,WIND,11751
2024-01-19 04:00:00+00:00,2024-01-19,WIND,11337
2024-01-19 04:30:00+00:00,2024-01-19,WIND,11244
2024-01-19 05:00:00+00:00,2024-01-19,WIND,11423
2024-01-19 05:30:00+00:00,2024-01-19,WIND,11661
2024-01-19 06:00:00+00:00,2024-01-19,WIND,11717
2024-01-19 06:30:00+00:00,2024-01-19,WIND,11405
2024-01-19 07:00:00+00:00,2024-01-19,WIND,11668
2024-01-19 07:30:00+00:00,2024-01-19,WIND,12110
2024-01-19 08:00:00+00:00,2024-01-19,WIND,12606
2024-01-19 08:30:00+00:00,2024-01-19,WIND,12537
2024-01-19 09:00:00+00:00,2024-01-19,WIND,12592
2024-01-19 09:30:00+00:00,2024-01-19,WIND,12724
2024-01-19 10:00:00+00:00,2024-01-19,WIND,12700
2024-01-19 10:30:00+00:00,2024-01-19,WIND,13097
2024-01-19 11:00:00+00:00,2024-01-19,WIND,13342
2024-01-19 11:30:00+00:00,2024-01-19,WIND,13641
2024-01-19 12:00:00+00:00,2024-01-19,WIND,13807
2024-01-19 12:30:00+00:00,2024-01-19,WIND,13958
2024-01-19 13:00:00+00:00,2024-01-19,WIND,11807
2024-01-19 13:30:00+00:00,2024-01-19,WIND,14349
2024-01-19 14:00:00+00:00,2024-01-19,WIND,14160
2024-01-19 14:30:00+00:00,2024-01-19,WIND,13847
2024-01-19 15:00:00+00:00,2024-01-19,WIND,13844
2024-01-19 15:30:00+00:00,2024-01-19,WIND,13901
2024-01-19 16:00:00+00:00,2024-01-19,WIND,13906
2024-01-19 16:30:00+00:00,2024-01-19,WIND,13697
2024-01-19 17:00:00+00:00,2024-01-19,WIND,13613
2024-01-19 17:30:00+00:00,2024-01-19,WIND,13892
2024-01-19 18:00:00+00:00,2024-01-19,WIND,14025
2024-01-19 18:30:00+00:00,2024-01-19,WIND,14184
2024-01-19 19:00:00+00:00,2024-01-19,WIND,14208
2024-01-19 19:30:00+00:00,2024-01-19,WIND,14358
2024-01-19 20:00:00+00:00,2024-01-19,WIND,14634
2024-01-19 20:30:00+00:00,2024-01-19,WIND,14687
2024-01-19 21:00:00+00:00,2024-01-19,WIND,13992
2024-01-19 21:30:00+00:00,2024-01-19,WIND,13871
2024-01-19 22:00:00+00:00,2024-01-19,WIND,13956
2024-01-19 22:30:00+00:00,2024-01-19,WIND,14014
2024-01-19 23:00:00+00:00,2024-01-19,WIND,14025
2024-01-19 23:30:00+00:00,2024-01-19,WIND,13845
2024-01-20 00:00:00+00:00,2024-01-20,WIND,13736
2024-01-20 00:30:00+00:00,2024-01-20,WIND,13852
2024-01-20 01:00:00+00:00,2024-01-20,WIND,13650
2024-01-20 01:30:00+00:00,2024-01-20,WIND,13788
2024-01-20 02:00:00+00:00,2024-01-20,WIND,14124
2024-01-20 02:30:00+00:00,2024-01-20,WIND,14310
2024-01-20 03:00:00+00:00,2024-01-20,WIND,14459
2024-01-20 03:30:00+00:00,2024-01-20,WIND,14755
2024-01-20 04:00:00+00:00,2024-01-20,WIND,14938
2024-01-20 04:30:00+00:00,2024-01-20,WIND,15096
2024-01-20 05:00:00+00:00,2024-01-20,WIND,15267
2024-01-20 05:30:00+00:00,2024-01-20,WIND,15062
2024-01-20 06:00:00+00:00,2024-01-20,WIND,14918
2024-01-20 06:30:00+00:00,2024-01-20,WIND,14860
2024-01-20 07:00:00+00:00,2024-01-20,WIND,14954
2024-01-20 07:30:00+00:00,2024-01-20,WIND,15094
2024-01-20 08:00:00+00:00,2024-01-20,WIND,15281
2024-01-20 08:30:00+00:00,2024-01-20,WIND,15331
2024-01-20 09:00:00+00:00,2024-01-20,WIND,15269
2024-01-20 09:30:00+00:00,2024-01-20,WIND,15181
2024-01-20 10:00:00+00:00,2024-01-20,WIND,15432
2024-01-20 10:30:00+00:00,2024-01-20,WIND,15707
2024-01-20 11:00:00+00:00,2024-01-20,WIND,15970
2024-01-20 11:30:00+00:00,2024-01-20,WIND,16245
2024-01-20 12:00:00+00:00,2024-01-20,WIND,16185
2024-01-20 12:30:00+00:00,2024-01-20,WIND,16283
2024-01-20 13:00:00+00:00,2024-01-20,WIND,16129
2024-01-20 13:30:00+00:00,2024-01-20,WIND,16137
2024-01-20 14:00:00+00:00,2024-01-20,WIND,16279
2024-01-20 14:30:00+00:00,2024-01-20,WIND,16253
2024-01-20 15:00:00+00:00,2024-01-20,WIND,16261
2024-01-20 15:30:00+00:00,2024-01-20,WIND,16034
2024-01-20 16:00:00+00:00,2024-01-20,WIND,16240
2024-01-20 16:30:00+00:00,2024-01-20,WIND,16244
2024-01-20 17:00:00+00:00,2024-01-20,WIND,16246
2024-01-20 17:30:00+00:00,2024-01-20,WIND,16185
2024-01-20 18:00:00+00:00,2024-01-20,WIND,16073
2024-01-20 18:30:00+00:00,2024-01-20,WIND,15971
2024-01-20 19:00:00+00:00,2024-01-20,WIND,15985
2024-01-20 19:30:00+00:00,2024-01-20,WIND,15950
2024-01-20 20:00:00+00:00,2024-01-20,WIND,16260
2024-01-20 20:30:00+00:00,2024-01-20,WIND,16662
2024-01-20 21:00:00+00:00,2024-01-20,WIND,16434
2024-01-20 21:30:00+00:00,2024-01-20,WIND,16143
2024-01-20 22:00:00+00:00,2024-01-20,WIND,16118
2024-01-20 22:30:00+00:00,2024-01-20,WIND,16102
2024-01-20 23:00:00+00:00,2024-01-20,WIND,16072
2024-01-20 23:30:00+00:00,2024-01-20,WIND,15959
2024-01-21 00:00:00+00:00,2024-01-21,WIND,15884
2024-01-21 00:30:00+00:00,2024-01-21,WIND,15535
2024-01-21 01:00:00+00:00,2024-01-21,WIND,15248
2024-01-21 01:30:00+00:00,2024-01-21,WIND,15132
2024-01-21 02:00:00+00:00,2024-01-21,WIND,14809
2024-01-21 02:30:00+00:00,2024-01-21,WIND,14637
2024-01-21 03:00:00+00:00,2024-01-21,WIND,14474
2024-01-21 03:30:00+00:00,2024-01-21,WIND,14028
2024-01-21 04:00:00+00:00,2024-01-21,WIND,13775
2024-01-21 04:30:00+00:00,2024-01-21,WIND,14036
2024-01-21 05:00:00+00:00,2024-01-21,WIND,14540
2024-01-21 05:30:00+00:00,2024-01-21,WIND,14247
2024-01-21 06:00:00+00:00,2024-01-21,WIND,13505
2024-01-21 06:30:00+00:00,2024-01-21,WIND,14168
2024-01-21 07:00:00+00:00,2024-01-21,WIND,14359
2024-01-21 07:30:00+00:00,2024-01-21,WIND,14343
2024-01-21 08:00:00+00:00,2024-01-21,WIND,14072
2024-01-21 08:30:00+00:00,2024-01-21,WIND,14152
2024-01-21 09:00:00+00:00,2024-01-21,WIND,14474
2024-01-21 09:30:00+00:00,2024-01-21,WIND,15158
2024-01-21 10:00:00+00:00,2024-01-21,WIND,15221
2024-01-21 10:30:00+00:00,2024-01-21,WIND,14975
2024-01-21 11:00:00+00:00,2024-01-21,WIND,15127
2024-01-21 11:30:00+00:00,2024-01-21,WIND,15761
2024-01-21 12:00:00+00:00,2024-01-21,WIND,15746
2024-01-21 12:30:00+00:00,2024-01-21,WIND,15338
2024-01-21 13:00:00+00:00,2024-01-21,WIND,14874
2024-01-21 13:30:00+00:00,2024-01-21,WIND,14969
2024-01-21 14:00:00+00:00,2024-01-21,WIND,14866
2024-01-21 14:30:00+00:00,2024-01-21,WIND,15018
2024-01-21 15:00:00+00:00,2024-01-21,WIND,14802
2024-01-21 15:30:00+00:00,2024-01-21,WIND,14627
2024-01-21 16:00:00+00:00,2024-01-21,WIND,14731
2024-01-21 16:30:00+00:00,2024-01-21,WIND,14708
2024-01-21 17:00:00+00:00,2024-01-21,WIND,14630
2024-01-21 17:30:00+00:00,2024-01-21,WIND,14190
2024-01-21 18:00:00+00:00,2024-01-21,WIND,13740
2024-01-21 18:30:00+00:00,2024-01-21,WIND,13028
2024-01-21 19:00:00+00:00,2024-01-21,WIND,12901
2024-01-21 19:30:00+00:00,2024-01-21,WIND,11789
2024-01-21 20:00:00+00:00,2024-01-21,WIND,11299
2024-01-21 20:30:00+00:00,2024-01-21,WIND,10202
2024-01-21 21:00:00+00:00,2024-01-21,WIND,9112
2024-01-21 21:30:00+00:00,2024-01-21,WIND,8197
2024-01-21 22:00:00+00:00,2024-01-21,WIND,8108
2024-01-21 22:30:00+00:00,2024-01-21,WIND,8182
2024-01-21 23:00:00+00:00,2024-01-21,WIND,8493
2024-01-21 23:30:00+00:00,2024-01-21,WIND,8503
2024-01-22 00:00:00+00:00,2024-01-22,WIND,8662
2024-01-22 00:30:00+00:00,2024-01-22,WIND,8485
2024-01-22 01:00:00+00:00,2024-01-22,WIND,8121
2024-01-22 01:30:00+00:00,2024-01-22,WIND,8344
2024-01-22 02:00:00+00:00,2024-01-22,WIND,8638
2024-01-22 02:30:00+00:00,2024-01-22,WIND,9403
2024-01-22 03:00:00+00:00,2024-01-22,WIND,10235
2024-01-22 03:30:00+00:00,2024-01-22,WIND,10824
2024-01-22 04:00:00+00:00,2024-01-22,WIND,11196
2024-01-22 04:30:00+00:00,2024-01-22,WIND,11465
2024-01-22 05:00:00+00:00,2024-01-22,WIND,11531
2024-01-22 05:30:00+00:00,2024-01-22,WIND,11847
2024-01-22 06:00:00+00:00,2024-01-22,WIND,12139
2024-01-22 06:30:00+00:00,2024-01-22,WIND,12742
2024-01-22 07:00:00+00:00,2024-01-22,WIND,13423
2024-01-22 07:30:00+00:00,2024-01-22,WIND,14265
2024-01-22 08:00:00+00:00,2024-01-22,WIND,14698
2024-01-22 08:30:00+00:00,2024-01-22,WIND,14883
2024-01-22 09:00:00+00:00,2024-01-22,WIND,14969
2024-01-22 09:30:00+00:00,2024-01-22,WIND,15083
2024-01-22 10:00:00+00:00,2024-01-22,WIND,15231
2024-01-22 10:30:00+00:00,2024-01-22,WIND,15390
2024-01-22 11:00:00+00:00,2024-01-22,WIND,15408
2024-01-22 11:30:00+00:00,2024-01-22,WIND,15533
2024-01-22 12:00:00+00:00,2024-01-22,WIND,15341
2024-01-22 12:30:00+00:00,2024-01-22,WIND,15524
2024-01-22 13:00:00+00:00,2024-01-22,WIND,15638
2024-01-22 13:30:00+00:00,2024-01-22,WIND,15717
2024-01-22 14:00:00+00:00,2024-01-22,WIND,16018
2024-01-22 14:30:00+00:00,2024-01-22,WIND,15810
2024-01-22 15:00:00+00:00,2024-01-22,WIND,15682
2024-01-22 15:30:00+00:00,2024-01-22,WIND,15649
2024-01-22 16:00:00+00:00,2024-01-22,WIND,15877
2024-01-22 16:30:00+00:00,2024-01-22,WIND,13225
2024-01-22 17:00:00+00:00,2024-01-22,WIND,15743
2024-01-22 17:30:00+00:00,2024-01-22,WIND,15885
2024-01-22 18:00:00+00:00,2024-01-22,WIND,15855
2024-01-22 18:30:00+00:00,2024-01-22,WIND,15910
2024-01-22 19:00:00+00:00,2024-01-22,WIND,15798
2024-01-22 19:30:00+00:00,2024-01-22,WIND,15727
2024-01-22 20:00:00+00:00,2024-01-22,WIND,15742
2024-01-22 20:30:00+00:00,2024-01-22,WIND,15679
2024-01-22 21:00:00+00:00,2024-01-22,WIND,15692
2024-01-22 21:30:00+00:00,2024-01-22,WIND,15594
2024-01-22 22:00:00+00:00,2024-01-22,WIND,15461
2024-01-22 22:30:00+00:00,2024-01-22,WIND,15305
2024-01-22 23:00:00+00:00,2024-01-22,WIND,15049
2024-01-22 23:30:00+00:00,2024-01-22,WIND,14926
2024-01-23 00:00:00+00:00,2024-01-23,WIND,14934
2024-01-23 00:30:00+00:00,2024-01-23,WIND,14793
2024-01-23 01:00:00+00:00,2024-01-23,WIND,14541
2024-01-23 01:30:00+00:00,2024-01-23,WIND,14072
2024-01-23 02:00:00+00:00,2024-01-23,WIND,13765
2024-01-23 02:30:00+00:00,2024-01-23,WIND,13509
2024-01-23 03:00:00+00:00,2024-01-23,WIND,12974
2024-01-23 03:30:00+00:00,2024-01-23,WIND,12866
2024-01-23 04:00:00+00:00,2024-01-23,WIND,12541
2024-01-23 04:30:00+00:00,2024-01-23,WIND,12002
2024-01-23 05:00:00+00:00,2024-01-23,WIND,12089
2024-01-23 05:30:00+00:00,2024-01-23,WIND,12164
2024-01-23 06:00:00+00:00,2024-01-23,WIND,12206
2024-01-23 06:30:00+00:00,2024-01-23,WIND,12362
2024-01-23 07:00:00+00:00,2024-01-23,WIND,13002
2024-01-23 07:30:00+00:00,2024-01-23,WIND,13604
2024-01-23 08:00:00+00:00,2024-01-23,WIND,14101
2024-01-23 08:30:00+00:00,2024-01-23,WIND,14453
2024-01-23 09:00:00+00:00,2024-01-23,WIND,14526
2024-01-23 09:30:00+00:00,2024-01-23,WIND,14747
2024-01-23 10:00:00+00:00,2024-01-23,WIND,14552
2024-01-23 10:30:00+00:00,2024-01-23,WIND,2469
2024-01-23 11:00:00+00:00,2024-01-23,WIND,0
2024-01-23 11:30:00+00:00,2024-01-23,WIND,0
2024-01-23 12:00:00+00:00,2024-01-23,WIND,12439
2024-01-23 12:30:00+00:00,2024-01-23,WIND,15262
2024-01-23 13:00:00+00:00,2024-01-23,WIND,15288
2024-01-23 13:30:00+00:00,2024-01-23,WIND,15407
2024-01-23 14:00:00+00:00,2024-01-23,WIND,15721
2024-01-23 14:30:00+00:00,2024-01-23,WIND,15654
2024-01-23 15:00:00+00:00,2024-01-23,WIND,15455
2024-01-23 15:30:00+00:00,2024-01-23,WIND,15341
2024-01-23 16:00:00+00:00,2024-01-23,WIND,15280
2024-01-23 16:30:00+00:00,2024-01-23,WIND,15301
2024-01-23 17:00:00+00:00,2024-01-23,WIND,15232
2024-01-23 17:30:00+00:00,2024-01-23,WIND,15389
2024-01-23 18:00:00+00:00,2024-01-23,WIND,15500
2024-01-23 18:30:00+00:00,2024-01-23,WIND,15256
2024-01-23 19:00:00+00:00,2024-01-23,WIND,15087
2024-01-23 19:30:00+00:00,2024-01-23,WIND,15070
2024-01-23 20:00:00+00:00,2024-01-23,WIND,15140
2024-01-23 20:30:00+00:00,2024-01-23,WIND,15099
2024-01-23 21:00:00+00:00,2024-01-23,WIND,14506
2024-01-23 21:30:00+00:00,2024-01-23,WIND,14128
2024-01-23 22:00:00+00:00,2024-01-23,WIND,13779
2024-01-23 22:30:00+00:00,2024-01-23,WIND,13565
2024-01-23 23:00:00+00:00,2024-01-23,WIND,13784
2024-01-23 23:30:00+00:00,2024-01-23,WIND,14027
2024-01-24 00:00:00+00:00,2024-01-24,WIND,13888
2024-01-24 00:30:00+00:00,2024-01-24,WIND,13934
2024-01-24 01:00:00+00:00,2024-01-24,WIND,13913
2024-01-24 01:30:00+00:00,2024-01-24,WIND,13825
2024-01-24 02:00:00+00:00,2024-01-24,WIND,13586
2024-01-24 02:30:00+00:00,2024-01-24,WIND,13585
2024-01-24 03:00:00+00:00,2024-01-24,WIND,13351
2024-01-24 03:30:00+00:00,2024-01-24,WIND,13336
2024-01-24 04:00:00+00:00,2024-01-24,WIND,13392
2024-01-24 04:30:00+00:00,2024-01-24,WIND,13158
2024-01-24 05:00:00+00:00,2024-01-24,WIND,13320
2024-01-24 05:30:00+00:00,2024-01-24,WIND,13459
2024-01-24 06:00:00+00:00,2024-01-24,WIND,13479
2024-01-24 06:30:00+00:00,2024-01-24,WIND,13875
2024-01-24 07:00:00+00:00,2024-01-24,WIND,14158
2024-01-24 07:30:00+00:00,2024-01-24,WIND,14397
2024-01-24 08:00:00+00:00,2024-01-24,WIND,14406
2024-01-24 08:30:00+00:00,2024-01-24,WIND,14765
2024-01-24 09:00:00+00:00,2024-01-24,WIND,14811
2024-01-24 09:30:00+00:00,2024-01-24,WIND,14965
2024-01-24 10:00:00+00:00,2024-01-24,WIND,14879
2024-01-24 10:30:00+00:00,2024-01-24,WIND,14837
2024-01-24 11:00:00+00:00,2024-01-24,WIND,14882
2024-01-24 11:30:00+00:00,2024-01-24,WIND,14782
2024-01-24 12:00:00+00:00,2024-01-24,WIND,14859
2024-01-24 12:30:00+00:00,2024-01-24,WIND,14817
2024-01-24 13:00:00+00:00,2024-01-24,WIND,14727
2024-01-24 13:30:00+00:00,2024-01-24,WIND,14459
2024-01-24 14:00:00+00:00,2024-01-24,WIND,14200
2024-01-24 14:30:00+00:00,2024-01-24,WIND,14398
2024-01-24 15:00:00+00:00,2024-01-24,WIND,14210
2024-01-24 15:30:00+00:00,2024-01-24,WIND,14282
2024-01-24 16:00:00+00:00,2024-01-24,WIND,13797
2024-01-24 16:30:00+00:00,2024-01-24,WIND,13163
2024-01-24 17:00:00+00:00,2024-01-24,WIND,12907
2024-01-24 17:30:00+00:00,2024-01-24,WIND,13105
2024-01-24 18:00:00+00:00,2024-01-24,WIND,12889
2024-01-24 18:30:00+00:00,2024-01-24,WIND,12513
2024-01-24 19:00:00+00:00,2024-01-24,WIND,11844
2024-01-24 19:30:00+00:00,2024-01-24,WIND,11620
2024-01-24 20:00:00+00:00,2024-01-24,WIND,11630
2024-01-24 20:30:00+00:00,2024-01-24,WIND,10866
2024-01-24 21:00:00+00:00,2024-01-24,WIND,10361
2024-01-24 21:30:00+00:00,2024-01-24,WIND,10012
2024-01-24 22:00:00+00:00,2024-01-24,WIND,9429
2024-01-24 22:30:00+00:00,2024-01-24,WIND,8572
2024-01-24 23:00:00+00:00,2024-01-24,WIND,8380
2024-01-24 23:30:00+00:00,2024-01-24,WIND,7759
2024-01-25 00:00:00+00:00,2024-01-25,WIND,7512
2024-01-25 00:30:00+00:00,2024-01-25,WIND,7202
2024-01-25 01:00:00+00:00,2024-01-25,WIND,6910
2024-01-25 01:30:00+00:00,2024-01-25,WIND,6442
2024-01-25 02:00:00+00:00,2024-01-25,WIND,6321
2024-01-25 02:30:00+00:00,2024-01-25,WIND,6066
2024-01-25 03:00:00+00:00,2024-01-25,WIND,6055
2024-01-25 03:30:00+00:00,2024-01-25,WIND,6376
2024-01-25 04:00:00+00:00,2024-01-25,WIND,6007
2024-01-25 04:30:00+00:00,2024-01-25,WIND,5719
2024-01-25 05:00:00+00:00,2024-01-25,WIND,6135
2024-01-25 05:30:00+00:00,2024-01-25,WIND,6266
2024-01-25 06:00:00+00:00,2024-01-25,WIND,6573
2024-01-25 06:30:00+00:00,2024-01-25,WIND,6894
2024-01-25 07:00:00+00:00,2024-01-25,WIND,7496
2024-01-25 07:30:00+00:00,2024-01-25,WIND,8145
2024-01-25 08:00:00+00:00,2024-01-25,WIND,8529
2024-01-25 08:30:00+00:00,2024-01-25,WIND,9601
2024-01-25 09:00:00+00:00,2024-01-25,WIND,10362
2024-01-25 09:30:00+00:00,2024-01-25,WIND,10975
2024-01-25 10:00:00+00:00,2024-01-25,WIND,11463
2024-01-25 10:30:00+00:00,2024-01-25,WIND,12224
2024-01-25 11:00:00+00:00,2024-01-25,WIND,12490
2024-01-25 11:30:00+00:00,2024-01-25,WIND,12648
2024-01-25 12:00:00+00:00,2024-01-25,WIND,12824
2024-01-25 12:30:00+00:00,2024-01-25,WIND,13216
2024-01-25 13:00:00+00:00,2024-01-25,WIND,13605
2024-01-25 13:30:00+00:00,2024-01-25,WIND,13712
2024-01-25 14:00:00+00:00,2024-01-25,WIND,13819
2024-01-25 14:30:00+00:00,2024-01-25,WIND,13627
2024-01-25 15:00:00+00:00,2024-01-25,WIND,13601
2024-01-25 15:30:00+00:00,2024-01-25,WIND,13968
2024-01-25 16:00:00+00:00,2024-01-25,WIND,14202
2024-01-25 16:30:00+00:00,2024-01-25,WIND,14049
2024-01-25 17:00:00+00:00,2024-01-25,WIND,14242
2024-01-25 17:30:00+00:00,2024-01-25,WIND,14444
2024-01-25 18:00:00+00:00,2024-01-25,WIND,14704
2024-01-25 18:30:00+00:00,2024-01-25,WIND,14618
2024-01-25 19:00:00+00:00,2024-01-25,WIND,14109
2024-01-25 19:30:00+00:00,2024-01-25,WIND,14245
2024-01-25 20:00:00+00:00,2024-01-25,WIND,14402
2024-01-25 20:30:00+00:00,2024-01-25,WIND,14577
2024-01-25 21:00:00+00:00,2024-01-25,WIND,14506
2024-01-25 21:30:00+00:00,2024-01-25,WIND,14513
2024-01-25 22:00:00+00:00,2024-01-25,WIND,14593
2024-01-25 22:30:00+00:00,2024-01-25,WIND,14650
2024-01-25 23:00:00+00:00,2024-01-25,WIND,14478
2024-01-25 23:30:00+00:00,2024-01-25,WIND,14456
2024-01-26 00:00:00+00:00,2024-01-26,WIND,14317
2024-01-26 00:30:00+00:00,2024-01-26,WIND,14259
2024-01-26 01:00:00+00:00,2024-01-26,WIND,14422
2024-01-26 01:30:00+00:00,2024-01-26,WIND,14285
2024-01-26 02:00:00+00:00,2024-01-26,WIND,14316
2024-01-26 02:30:00+00:00,2024-01-26,WIND,14488
2024-01-26 03:00:00+00:00,2024-01-26,WIND,14523
2024-01-26 03:30:00+00:00,2024-01-26,WIND,14509
2024-01-26 04:00:00+00:00,2024-01-26,WIND,14632
2024-01-26 04:30:00+00:00,2024-01-26,WIND,14723
2024-01-26 05:00:00+00:00,2024-01-26,WIND,14692
2024-01-26 05:30:00+00:00,2024-01-26,WIND,14335
2024-01-26 06:00:00+00:00,2024-01-26,WIND,14547
2024-01-26 06:30:00+00:00,2024-01-26,WIND,14760
2024-01-26 07:00:00+00:00,2024-01-26,WIND,14603
2024-01-26 07:30:00+00:00,2024-01-26,WIND,14931
2024-01-26 08:00:00+00:00,2024-01-26,WIND,14722
2024-01-26 08:30:00+00:00,2024-01-26,WIND,14753
2024-01-26 09:00:00+00:00,2024-01-26,WIND,14620
2024-01-26 09:30:00+00:00,2024-01-26,WIND,14695
2024-01-26 10:00:00+00:00,2024-01-26,WIND,14755
2024-01-26 10:30:00+00:00,2024-01-26,WIND,14745
2024-01-26 11:00:00+00:00,2024-01-26,WIND,15050
2024-01-26 11:30:00+00:00,2024-01-26,WIND,15069
2024-01-26 12:00:00+00:00,2024-01-26,WIND,15103
2024-01-26 12:30:00+00:00,2024-01-26,WIND,14902
2024-01-26 13:00:00+00:00,2024-01-26,WIND,15185
2024-01-26 13:30:00+00:00,2024-01-26,WIND,15185
2024-01-26 14:00:00+00:00,2024-01-26,WIND,14854
2024-01-26 14:30:00+00:00,2024-01-26,WIND,14316
2024-01-26 15:00:00+00:00,2024-01-26,WIND,13927
2024-01-26 15:30:00+00:00,2024-01-26,WIND,13631
2024-01-26 16:00:00+00:00,2024-01-26,WIND,13208
2024-01-26 16:30:00+00:00,2024-01-26,WIND,12846
2024-01-26 17:00:00+00:00,2024-01-26,WIND,13030
2024-01-26 17:30:00+00:00,2024-01-26,WIND,12726
2024-01-26 18:00:00+00:00,2024-01-26,WIND,12745
2024-01-26 18:30:00+00:00,2024-01-26,WIND,12745
2024-01-26 19:00:00+00:00,2024-01-26,WIND,12733
2024-01-26 19:30:00+00:00,2024-01-26,WIND,12520
2024-01-26 20:00:00+00:00,2024-01-26,WIND,12562
2024-01-26 20:30:00+00:00,2024-01-26,WIND,12482
2024-01-26 21:00:00+00:00,2024-01-26,WIND,12454
2024-01-26 21:30:00+00:00,2024-01-26,WIND,12380
2024-01-26 22:00:00+00:00,2024-01-26,WIND,12336
2024-01-26 22:30:00+00:00,2024-01-26,WIND,12080
2024-01-26 23:00:00+00:00,2024-01-26,WIND,11989
2024-01-26 23:30:00+00:00,2024-01-26,WIND,12011
2024-01-27 00:00:00+00:00,2024-01-27,WIND,11898
2024-01-27 00:30:00+00:00,2024-01-27,WIND,11691
2024-01-27 01:00:00+00:00,2024-01-27,WIND,11576
2024-01-27 01:30:00+00:00,2024-01-27,WIND,11267
2024-01-27 02:00:00+00:00,2024-01-27,WIND,11146
2024-01-27 02:30:00+00:00,2024-01-27,WIND,10923
2024-01-27 03:00:00+00:00,2024-01-27,WIND,10526
2024-01-27 03:30:00+00:00,2024-01-27,WIND,10415
2024-01-27 04:00:00+00:00,2024-01-27,WIND,10210
2024-01-27 04:30:00+00:00,2024-01-27,WIND,10206
2024-01-27 05:00:00+00:00,2024-01-27,WIND,9962
2024-01-27 05:30:00+00:00,2024-01-27,WIND,9844
2024-01-27 06:00:00+00:00,2024-01-27,WIND,9601
2024-01-27 06:30:00+00:00,2024-01-27,WIND,9574
2024-01-27 07:00:00+00:00,2024-01-27,WIND,9683
2024-01-27 07:30:00+00:00,2024-01-27,WIND,10004
2024-01-27 08:00:00+00:00,2024-01-27,WIND,10340
2024-01-27 08:30:00+00:00,2024-01-27,WIND,10674
2024-01-27 09:00:00+00:00,2024-01-27,WIND,11012
2024-01-27 09:30:00+00:00,2024-01-27,WIND,11163
2024-01-27 10:00:00+00:00,2024-01-27,WIND,11366
2024-01-27 10:30:00+00:00,2024-01-27,WIND,11564
2024-01-27 11:00:00+00:00,2024-01-27,WIND,11512
2024-01-27 11:30:00+00:00,2024-01-27,WIND,11940
2024-01-27 12:00:00+00:00,2024-01-27,WIND,11957
2024-01-27 12:30:00+00:00,2024-01-27,WIND,11930
2024-01-27 13:00:00+00:00,2024-01-27,WIND,11761
2024-01-27 13:30:00+00:00,2024-01-27,WIND,12002
2024-01-27 14:00:00+00:00,2024-01-27,WIND,11712
2024-01-27 14:30:00+00:00,2024-01-27,WIND,11448
2024-01-27 15:00:00+00:00,2024-01-27,WIND,11419
2024-01-27 15:30:00+00:00,2024-01-27,WIND,11183
2024-01-27 16:00:00+00:00,2024-01-27,WIND,11093
2024-01-27 16:30:00+00:00,2024-01-27,WIND,11595
2024-01-27 17:00:00+00:00,2024-01-27,WIND,11721
2024-01-27 17:30:00+00:00,2024-01-27,WIND,11815
2024-01-27 18:00:00+00:00,2024-01-27,WIND,11500
2024-01-27 18:30:00+00:00,2024-01-27,WIND,11350
2024-01-27 19:00:00+00:00,2024-01-27,WIND,11124
2024-01-27 19:30:00+00:00,2024-01-27,WIND,11529
2024-01-27 20:00:00+00:00,2024-01-27,WIND,11453
2024-01-27 20:30:00+00:00,2024-01-27,WIND,11359
2024-01-27 21:00:00+00:00,2024-01-27,WIND,11309
2024-01-27 21:30:00+00:00,2024-01-27,WIND,11256
2024-01-27 22:00:00+00:00,2024-01-27,WIND,11292
2024-01-27 22:30:00+00:00,2024-01-27,WIND,11686
2024-01-27 23:00:00+00:00,2024-01-27,WIND,11688
2024-01-27 23:30:00+00:00,2024-01-27,WIND,11479
2024-01-28 00:00:00+00:00,2024-01-28,WIND,11118
2024-01-28 00:30:00+00:00,2024-01-28,WIND,11096
2024-01-28 01:00:00+00:00,2024-01-28,WIND,11312
2024-01-28 01:30:00+00:00,2024-01-28,WIND,11819
2024-01-28 02:00:00+00:00,2024-01-28,WIND,11981
2024-01-28 02:30:00+00:00,2024-01-28,WIND,12440
2024-01-28 03:00:00+00:00,2024-01-28,WIND,12345
2024-01-28 03:30:00+00:00,2024-01-28,WIND,12232
2024-01-28 04:00:00+00:00,2024-01-28,WIND,12181
2024-01-28 04:30:00+00:00,2024-01-28,WIND,12365
2024-01-28 05:00:00+00:00,2024-01-28,WIND,12679
2024-01-28 05:30:00+00:00,2024-01-28,WIND,12853
2024-01-28 06:00:00+00:00,2024-01-28,WIND,12877
2024-01-28 06:30:00+00:00,2024-01-28,WIND,12622
2024-01-28 07:00:00+00:00,2024-01-28,WIND,12485
2024-01-28 07:30:00+00:00,2024-01-28,WIND,12484
2024-01-28 08:00:00+00:00,2024-01-28,WIND,12248
2024-01-28 08:30:00+00:00,2024-01-28,WIND,11948
2024-01-28 09:00:00+00:00,2024-01-28,WIND,12157
2024-01-28 09:30:00+00:00,2024-01-28,WIND,12523
2024-01-28 10:00:00+00:00,2024-01-28,WIND,12583
2024-01-28 10:30:00+00:00,2024-01-28,WIND,12639
2024-01-28 11:00:00+00:00,2024-01-28,WIND,12532
2024-01-28 11:30:00+00:00,2024-01-28,WIND,13063
2024-01-28 12:00:00+00:00,2024-01-28,WIND,13588
2024-01-28 12:30:00+00:00,2024-01-28,WIND,13682
2024-01-28 13:00:00+00:00,2024-01-28,WIND,13513
2024-01-28 13:30:00+00:00,2024-01-28,WIND,13316
2024-01-28 14:00:00+00:00,2024-01-28,WIND,13270
2024-01-28 14:30:00+00:00,2024-01-28,WIND,13332
2024-01-28 15:00:00+00:00,2024-01-28,WIND,13272
2024-01-28 15:30:00+00:00,2024-01-28,WIND,13519
2024-01-28 16:00:00+00:00,2024-01-28,WIND,13866
2024-01-28 16:30:00+00:00,2024-01-28,WIND,13931
2024-01-28 17:00:00+00:00,2024-01-28,WIND,14255
2024-01-28 17:30:00+00:00,2024-01-28,WIND,14439
2024-01-28 18:00:00+00:00,2024-01-28,WIND,14262
2024-01-28 18:30:00+00:00,2024-01-28,WIND,14047
2024-01-28 19:00:00+00:00,2024-01-28,WIND,13632
2024-01-28 19:30:00+00:00,2024-01-28,WIND,13162
2024-01-28 20:00:00+00:00,2024-01-28,WIND,12878
2024-01-28 20:30:00+00:00,2024-01-28,WIND,12400
2024-01-28 21:00:00+00:00,2024-01-28,WIND,12151
2024-01-28 21:30:00+00:00,2024-01-28,WIND,11717
2024-01-28 22:00:00+00:00,2024-01-28,WIND,11484
2024-01-28 22:30:00+00:00,2024-01-28,WIND,10969
2024-01-28 23:00:00+00:00,2024-01-28,WIND,10198
2024-01-28 23:30:00+00:00,2024-01-28,WIND,9898
2024-01-29 00:00:00+00:00,2024-01-29,WIND,9682
2024-01-29 00:30:00+00:00,2024-01-29,WIND,8765
2024-01-29 01:00:00+00:00,2024-01-29,WIND,7980
2024-01-29 01:30:00+00:00,2024-01-29,WIND,6853
2024-01-29 02:00:00+00:00,2024-01-29,WIND,6149
2024-01-29 02:30:00+00:00,2024-01-29,WIND,5889
2024-01-29 03:00:00+00:00,2024-01-29,WIND,5568
2024-01-29 03:30:00+00:00,2024-01-29,WIND,4809
2024-01-29 04:00:00+00:00,2024-01-29,WIND,4336
2024-01-29 04:30:00+00:00,2024-01-29,WIND,4145
2024-01-29 05:00:00+00:00,2024-01-29,WIND,3962
2024-01-29 05:30:00+00:00,2024-01-29,WIND,3754
2024-01-29 06:00:00+00:00,2024-01-29,WIND,3626
2024-01-29 06:30:00+00:00,2024-01-29,WIND,3748
2024-01-29 07:00:00+00:00,2024-01-29,WIND,4031
2024-01-29 07:30:00+00:00,2024-01-29,WIND,3996
2024-01-29 08:00:00+00:00,2024-01-29,WIND,3909
2024-01-29 08:30:00+00:00,2024-01-29,WIND,3880
2024-01-29 09:00:00+00:00,2024-01-29,WIND,3928
2024-01-29 09:30:00+00:00,2024-01-29,WIND,3582
2024-01-29 10:00:00+00:00,2024-01-29,WIND,3337
2024-01-29 10:30:00+00:00,2024-01-29,WIND,3493
2024-01-29 11:00:00+00:00,2024-01-29,WIND,3669
2024-01-29 11:30:00+00:00,2024-01-29,WIND,3321
2024-01-29 12:00:00+00:00,2024-01-29,WIND,2918
2024-01-29 12:30:00+00:00,2024-01-29,WIND,3004
2024-01-29 13:00:00+00:00,2024-01-29,WIND,3078
2024-01-29 13:30:00+00:00,2024-01-29,WIND,3405
2024-01-29 14:00:00+00:00,2024-01-29,WIND,3761
2024-01-29 14:30:00+00:00,2024-01-29,WIND,3948
2024-01-29 15:00:00+00:00,2024-01-29,WIND,4342
2024-01-29 15:30:00+00:00,2024-01-29,WIND,5053
2024-01-29 16:00:00+00:00,2024-01-29,WIND,5949
2024-01-29 16:30:00+00:00,2024-01-29,WIND,6769
2024-01-29 17:00:00+00:00,2024-01-29,WIND,7372
2024-01-29 17:30:00+00:00,2024-01-29,WIND,7538
2024-01-29 18:00:00+00:00,2024-01-29,WIND,8035
2024-01-29 18:30:00+00:00,2024-01-29,WIND,8669
2024-01-29 19:00:00+00:00,2024-01-29,WIND,9019
2024-01-29 19:30:00+00:00,2024-01-29,WIND,9221
2024-01-29 20:00:00+00:00,2024-01-29,WIND,9178
2024-01-29 20:30:00+00:00,2024-01-29,WIND,9171
2024-01-29 21:00:00+00:00,2024-01-29,WIND,9077
2024-01-29 21:30:00+00:00,2024-01-29,WIND,8994
2024-01-29 22:00:00+00:00,2024-01-29,WIND,8875
2024-01-29 22:30:00+00:00,2024-01-29,WIND,8784
2024-01-29 23:00:00+00:00,2024-01-29,WIND,8699
2024-01-29 23:30:00+00:00,2024-01-29,WIND,9021
2024-01-30 00:00:00+00:00,2024-01-30,WIND,9135
2024-01-30 00:30:00+00:00,2024-01-30,WIND,9551
2024-01-30 01:00:00+00:00,2024-01-30,WIND,9883
2024-01-30 01:30:00+00:00,2024-01-30,WIND,10064
2024-01-30 02:00:00+00:00,2024-01-30,WIND,10237
2024-01-30 02:30:00+00:00,2024-01-30,WIND,10203
2024-01-30 03:00:00+00:00,2024-01-30,WIND,10370
2024-01-30 03:30:00+00:00,2024-01-30,WIND,10407
2024-01-30 04:00:00+00:00,2024-01-30,WIND,10203
2024-01-30 04:30:00+00:00,2024-01-30,WIND,10038
2024-01-30 05:00:00+00:00,2024-01-30,WIND,10076
2024-01-30 05:30:00+00:00,2024-01-30,WIND,10233
2024-01-30 06:00:00+00:00,2024-01-30,WIND,10215
2024-01-30 06:30:00+00:00,2024-01-30,WIND,10197
2024-01-30 07:00:00+00:00,2024-01-30,WIND,10107
2024-01-30 07:30:00+00:00,2024-01-30,WIND,9934
2024-01-30 08:00:00+00:00,2024-01-30,WIND,9672
2024-01-30 08:30:00+00:00,2024-01-30,WIND,9438
2024-01-30 09:00:00+00:00,2024-01-30,WIND,9195
2024-01-30 09:30:00+00:00,2024-01-30,WIND,9069
2024-01-30 10:00:00+00:00,2024-01-30,WIND,9066
2024-01-30 10:30:00+00:00,2024-01-30,WIND,9243
2024-01-30 11:00:00+00:00,2024-01-30,WIND,9565
2024-01-30 11:30:00+00:00,2024-01-30,WIND,9283
2024-01-30 12:00:00+00:00,2024-01-30,WIND,8628
2024-01-30 12:30:00+00:00,2024-01-30,WIND,8437
2024-01-30 13:00:00+00:00,2024-01-30,WIND,8442
2024-01-30 13:30:00+00:00,2024-01-30,WIND,8412
2024-01-30 14:00:00+00:00,2024-01-30,WIND,8626
2024-01-30 14:30:00+00:00,2024-01-30,WIND,8149
2024-01-30 15:00:00+00:00,2024-01-30,WIND,7823
2024-01-30 15:30:00+00:00,2024-01-30,WIND,7826
2024-01-30 16:00:00+00:00,2024-01-30,WIND,7604
2024-01-30 16:30:00+00:00,2024-01-30,WIND,7238
2024-01-30 17:00:00+00:00,2024-01-30,WIND,7193
2024-01-30 17:30:00+00:00,2024-01-30,WIND,7008
2024-01-30 18:00:00+00:00,2024-01-30,WIND,6626
2024-01-30 18:30:00+00:00,2024-01-30,WIND,6483
2024-01-30 19:00:00+00:00,2024-01-30,WIND,6415
2024-01-30 19:30:00+00:00,2024-01-30,WIND,6509
2024-01-30 20:00:00+00:00,2024-01-30,WIND,6622
2024-01-30 20:30:00+00:00,2024-01-30,WIND,6700
2024-01-30 21:00:00+00:00,2024-01-30,WIND,7217
2024-01-30 21:30:00+00:00,2024-01-30,WIND,7247
2024-01-30 22:00:00+00:00,2024-01-30,WIND,7214
2024-01-30 22:30:00+00:00,2024-01-30,WIND,7688
2024-01-30 23:00:00+00:00,2024-01-30,WIND,7592
2024-01-30 23:30:00+00:00,2024-01-30,WIND,7049
2024-01-31 00:00:00+00:00,2024-01-31,WIND,7009
2024-01-31 00:30:00+00:00,2024-01-31,WIND,7207
2024-01-31 01:00:00+00:00,2024-01-31,WIND,7248
2024-01-31 01:30:00+00:00,2024-01-31,WIND,7371
2024-01-31 02:00:00+00:00,2024-01-31,WIND,7463
2024-01-31 02:30:00+00:00,2024-01-31,WIND,7964
2024-01-31 03:00:00+00:00,2024-01-31,WIND,8175
2024-01-31 03:30:00+00:00,2024-01-31,WIND,8432
2024-01-31 04:00:00+00:00,2024-01-31,WIND,8687
2024-01-31 04:30:00+00:00,2024-01-31,WIND,8908
2024-01-31 05:00:00+00:00,2024-01-31,WIND,9519
2024-01-31 05:30:00+00:00,2024-01-31,WIND,10010
2024-01-31 06:00:00+00:00,2024-01-31,WIND,10509
2024-01-31 06:30:00+00:00,2024-01-31,WIND,11156
2024-01-31 07:00:00+00:00,2024-01-31,WIND,11728
2024-01-31 07:30:00+00:00,2024-01-31,WIND,12411
2024-01-31 08:00:00+00:00,2024-01-31,WIND,12836
2024-01-31 08:30:00+00:00,2024-01-31,WIND,13321
2024-01-31 09:00:00+00:00,2024-01-31,WIND,13747
2024-01-31 09:30:00+00:00,2024-01-31,WIND,13602
2024-01-31 10:00:00+00:00,2024-01-31,WIND,14183
2024-01-31 10:30:00+00:00,2024-01-31,WIND,14245
2024-01-31 11:00:00+00:00,2024-01-31,WIND,14352
2024-01-31 11:30:00+00:00,2024-01-31,WIND,14739
2024-01-31 12:00:00+00:00,2024-01-31,WIND,15177
2024-01-31 12:30:00+00:00,2024-01-31,WIND,15701
2024-01-31 13:00:00+00:00,2024-01-31,WIND,15997
2024-01-31 13:30:00+00:00,2024-01-31,WIND,15868
2024-01-31 14:00:00+00:00,2024-01-31,WIND,15818
2024-01-31 14:30:00+00:00,2024-01-31,WIND,15691
2024-01-31 15:00:00+00:00,2024-01-31,WIND,15911
2024-01-31 15:30:00+00:00,2024-01-31,WIND,15865
2024-01-31 16:00:00+00:00,2024-01-31,WIND,15762
2024-01-31 16:30:00+00:00,2024-01-31,WIND,15544
2024-01-31 17:00:00+00:00,2024-01-31,WIND,15683
2024-01-31 17:30:00+00:00,2024-01-31,WIND,15654
2024-01-31 18:00:00+00:00,2024-01-31,WIND,15411
2024-01-31 18:30:00+00:00,2024-01-31,WIND,15736
2024-01-31 19:00:00+00:00,2024-01-31,WIND,15812
2024-01-31 19:30:00+00:00,2024-01-31,WIND,15661
2024-01-31 20:00:00+00:00,2024-01-31,WIND,15684
2024-01-31 20:30:00+00:00,2024-01-31,WIND,15827
2024-01-31 21:00:00+00:00,2024-01-31,WIND,15757
2024-01-31 21:30:00+00:00,2024-01-31,WIND,15719
2024-01-31 22:00:00+00:00,2024-01-31,WIND,15490
2024-01-31 22:30:00+00:00,2024-01-31,WIND,14908
2024-01-31 23:00:00+00:00,2024-01-31,WIND,14595
2024-01-31 23:30:00+00:00,2024-01-31,WIND,14355
